<?xml version="1.0" encoding="utf-8" ?>
<!DOCTYPE article PUBLIC "-//NLM//DTD JATS (Z39.96) Journal Archiving
and Interchange DTD v1.2 20190208//EN" "JATS-archivearticle1.dtd">

<article xmlns:mml="http://www.w3.org/1998/Math/MathML" xmlns:xlink="http://www.w3.org/1999/xlink" dtd-version="1.2" article-type="other">

<front>


<article-meta>


<title-group>
<article-title>Study cov</article-title>
</title-group>

<contrib-group>
<contrib contrib-type="author">
<name>
<surname>Khoury</surname>
<given-names>Lauren</given-names>
</name>
<string-name>Lauren Khoury</string-name>

<xref ref-type="aff" rid="aff-1">a</xref>
</contrib>
<contrib contrib-type="author">
<name>
<surname>2</surname>
<given-names>Name</given-names>
</name>
<string-name>Name 2</string-name>

<xref ref-type="aff" rid="aff-1">a</xref>
</contrib>
<contrib contrib-type="author">
<name>
<surname>3</surname>
<given-names>Name</given-names>
</name>
<string-name>Name 3</string-name>

<xref ref-type="aff" rid="aff-1">a</xref>
</contrib>
<contrib contrib-type="author" corresp="yes">
<name>
<surname>Curtin</surname>
<given-names>John J.</given-names>
</name>
<string-name>John J. Curtin</string-name>

<email>jjcurtin@wisc.edu</email>
<xref ref-type="aff" rid="aff-1">a</xref>
<xref ref-type="corresp" rid="cor-4">&#x002A;</xref>
</contrib>
</contrib-group>
<aff id="aff-1">
<institution-wrap>
<institution>Department of Psychology, University of
Wisconsin-Madison</institution>
</institution-wrap>







</aff>
<author-notes>
<corresp id="cor-4">jjcurtin@wisc.edu</corresp>
</author-notes>









<history></history>


<abstract>
<p>Abstract of paper goes here and can span several lines.</p>
</abstract>




</article-meta>

</front>

<body>
<sec id="introduction">
  <title>Introduction</title>
  <p>This is how you cite a paper using the bibtex key in Zotero
  (<xref alt="Simmons, Nelson, and Simonsohn 2011" rid="ref-simmonsFalsepositivePsychologyUndisclosed2011" ref-type="bibr">Simmons,
  Nelson, and Simonsohn 2011</xref>).</p>
</sec>
</body>

<back>
<ref-list>
  <title>Methods…</title>
  <ref id="ref-simmonsFalsepositivePsychologyUndisclosed2011">
    <element-citation publication-type="article-journal">
      <person-group person-group-type="author">
        <name><surname>Simmons</surname><given-names>Joseph P.</given-names></name>
        <name><surname>Nelson</surname><given-names>Leif D.</given-names></name>
        <name><surname>Simonsohn</surname><given-names>Uri</given-names></name>
      </person-group>
      <article-title>False-positive psychology: Undisclosed flexibility in data collection and analysis allows presenting anything as significant</article-title>
      <source>Psychological Science</source>
      <year iso-8601-date="2011-11">2011</year><month>11</month>
      <volume>22</volume>
      <issue>11</issue>
      <issn>1467-9280</issn>
      <pub-id pub-id-type="doi">10.1177/0956797611417632</pub-id>
      <pub-id pub-id-type="pmid">22006061</pub-id>
      <fpage>1359</fpage>
      <lpage>1366</lpage>
    </element-citation>
  </ref>
</ref-list>
</back>

<!-- (F2ED4C6E)[nb-1]:C:\Users\kpaquette2\study_cov\notebooks\supplement.qmd -->

</article>