1,500,100,0.5,4,0.3,0.25,0.3
2,500,100,0.5,4,0.3,0.25,0.3
3,500,100,0.5,4,0.3,0.25,0.3
4,500,100,0.5,4,0.3,0.25,0.3
5,500,100,0.5,4,0.3,0.25,0.3
6,500,100,0.5,4,0.3,0.25,0.3
7,500,100,0.5,4,0.3,0.25,0.3
8,500,100,0.5,4,0.3,0.25,0.3
9,500,100,0.5,4,0.3,0.25,0.3
10,500,100,0.5,4,0.3,0.25,0.3
11,500,100,0.5,4,0.3,0.25,0.3
12,500,100,0.5,4,0.3,0.25,0.3
13,500,100,0.5,4,0.3,0.25,0.3
14,500,100,0.5,4,0.3,0.25,0.3
15,500,100,0.5,4,0.3,0.25,0.3
16,500,100,0.5,4,0.3,0.25,0.3
17,500,100,0.5,4,0.3,0.25,0.3
18,500,100,0.5,4,0.3,0.25,0.3
19,500,100,0.5,4,0.3,0.25,0.3
20,500,100,0.5,4,0.3,0.25,0.3
21,500,100,0.5,4,0.3,0.25,0.3
22,500,100,0.5,4,0.3,0.25,0.3
23,500,100,0.5,4,0.3,0.25,0.3
24,500,100,0.5,4,0.3,0.25,0.3
25,500,100,0.5,4,0.3,0.25,0.3
26,500,100,0.5,4,0.3,0.25,0.3
27,500,100,0.5,4,0.3,0.25,0.3
28,500,100,0.5,4,0.3,0.25,0.3
29,500,100,0.5,4,0.3,0.25,0.3
30,500,100,0.5,4,0.3,0.25,0.3
31,500,100,0.5,4,0.3,0.25,0.3
32,500,100,0.5,4,0.3,0.25,0.3
33,500,100,0.5,4,0.3,0.25,0.3
34,500,100,0.5,4,0.3,0.25,0.3
35,500,100,0.5,4,0.3,0.25,0.3
36,500,100,0.5,4,0.3,0.25,0.3
37,500,100,0.5,4,0.3,0.25,0.3
38,500,100,0.5,4,0.3,0.25,0.3
39,500,100,0.5,4,0.3,0.25,0.3
40,500,100,0.5,4,0.3,0.25,0.3
41,500,100,0.5,4,0.3,0.5,0.3
42,500,100,0.5,4,0.3,0.5,0.3
43,500,100,0.5,4,0.3,0.5,0.3
44,500,100,0.5,4,0.3,0.5,0.3
45,500,100,0.5,4,0.3,0.5,0.3
46,500,100,0.5,4,0.3,0.5,0.3
47,500,100,0.5,4,0.3,0.5,0.3
48,500,100,0.5,4,0.3,0.5,0.3
49,500,100,0.5,4,0.3,0.5,0.3
50,500,100,0.5,4,0.3,0.5,0.3
51,500,100,0.5,4,0.3,0.5,0.3
52,500,100,0.5,4,0.3,0.5,0.3
53,500,100,0.5,4,0.3,0.5,0.3
54,500,100,0.5,4,0.3,0.5,0.3
55,500,100,0.5,4,0.3,0.5,0.3
56,500,100,0.5,4,0.3,0.5,0.3
57,500,100,0.5,4,0.3,0.5,0.3
58,500,100,0.5,4,0.3,0.5,0.3
59,500,100,0.5,4,0.3,0.5,0.3
60,500,100,0.5,4,0.3,0.5,0.3
61,500,100,0.5,4,0.3,0.5,0.3
62,500,100,0.5,4,0.3,0.5,0.3
63,500,100,0.5,4,0.3,0.5,0.3
64,500,100,0.5,4,0.3,0.5,0.3
65,500,100,0.5,4,0.3,0.5,0.3
66,500,100,0.5,4,0.3,0.5,0.3
67,500,100,0.5,4,0.3,0.5,0.3
68,500,100,0.5,4,0.3,0.5,0.3
69,500,100,0.5,4,0.3,0.5,0.3
70,500,100,0.5,4,0.3,0.5,0.3
71,500,100,0.5,4,0.3,0.5,0.3
72,500,100,0.5,4,0.3,0.5,0.3
73,500,100,0.5,4,0.3,0.5,0.3
74,500,100,0.5,4,0.3,0.5,0.3
75,500,100,0.5,4,0.3,0.5,0.3
76,500,100,0.5,4,0.3,0.5,0.3
77,500,100,0.5,4,0.3,0.5,0.3
78,500,100,0.5,4,0.3,0.5,0.3
79,500,100,0.5,4,0.3,0.5,0.3
80,500,100,0.5,4,0.3,0.5,0.3
81,500,100,0.5,4,0.3,0.75,0.3
82,500,100,0.5,4,0.3,0.75,0.3
83,500,100,0.5,4,0.3,0.75,0.3
84,500,100,0.5,4,0.3,0.75,0.3
85,500,100,0.5,4,0.3,0.75,0.3
86,500,100,0.5,4,0.3,0.75,0.3
87,500,100,0.5,4,0.3,0.75,0.3
88,500,100,0.5,4,0.3,0.75,0.3
89,500,100,0.5,4,0.3,0.75,0.3
90,500,100,0.5,4,0.3,0.75,0.3
91,500,100,0.5,4,0.3,0.75,0.3
92,500,100,0.5,4,0.3,0.75,0.3
93,500,100,0.5,4,0.3,0.75,0.3
94,500,100,0.5,4,0.3,0.75,0.3
95,500,100,0.5,4,0.3,0.75,0.3
96,500,100,0.5,4,0.3,0.75,0.3
97,500,100,0.5,4,0.3,0.75,0.3
98,500,100,0.5,4,0.3,0.75,0.3
99,500,100,0.5,4,0.3,0.75,0.3
100,500,100,0.5,4,0.3,0.75,0.3
101,500,100,0.5,4,0.3,0.75,0.3
102,500,100,0.5,4,0.3,0.75,0.3
103,500,100,0.5,4,0.3,0.75,0.3
104,500,100,0.5,4,0.3,0.75,0.3
105,500,100,0.5,4,0.3,0.75,0.3
106,500,100,0.5,4,0.3,0.75,0.3
107,500,100,0.5,4,0.3,0.75,0.3
108,500,100,0.5,4,0.3,0.75,0.3
109,500,100,0.5,4,0.3,0.75,0.3
110,500,100,0.5,4,0.3,0.75,0.3
111,500,100,0.5,4,0.3,0.75,0.3
112,500,100,0.5,4,0.3,0.75,0.3
113,500,100,0.5,4,0.3,0.75,0.3
114,500,100,0.5,4,0.3,0.75,0.3
115,500,100,0.5,4,0.3,0.75,0.3
116,500,100,0.5,4,0.3,0.75,0.3
117,500,100,0.5,4,0.3,0.75,0.3
118,500,100,0.5,4,0.3,0.75,0.3
119,500,100,0.5,4,0.3,0.75,0.3
120,500,100,0.5,4,0.3,0.75,0.3
121,500,100,0.5,8,0.3,0.25,0.3
122,500,100,0.5,8,0.3,0.25,0.3
123,500,100,0.5,8,0.3,0.25,0.3
124,500,100,0.5,8,0.3,0.25,0.3
125,500,100,0.5,8,0.3,0.25,0.3
126,500,100,0.5,8,0.3,0.25,0.3
127,500,100,0.5,8,0.3,0.25,0.3
128,500,100,0.5,8,0.3,0.25,0.3
129,500,100,0.5,8,0.3,0.25,0.3
130,500,100,0.5,8,0.3,0.25,0.3
131,500,100,0.5,8,0.3,0.25,0.3
132,500,100,0.5,8,0.3,0.25,0.3
133,500,100,0.5,8,0.3,0.25,0.3
134,500,100,0.5,8,0.3,0.25,0.3
135,500,100,0.5,8,0.3,0.25,0.3
136,500,100,0.5,8,0.3,0.25,0.3
137,500,100,0.5,8,0.3,0.25,0.3
138,500,100,0.5,8,0.3,0.25,0.3
139,500,100,0.5,8,0.3,0.25,0.3
140,500,100,0.5,8,0.3,0.25,0.3
141,500,100,0.5,8,0.3,0.25,0.3
142,500,100,0.5,8,0.3,0.25,0.3
143,500,100,0.5,8,0.3,0.25,0.3
144,500,100,0.5,8,0.3,0.25,0.3
145,500,100,0.5,8,0.3,0.25,0.3
146,500,100,0.5,8,0.3,0.25,0.3
147,500,100,0.5,8,0.3,0.25,0.3
148,500,100,0.5,8,0.3,0.25,0.3
149,500,100,0.5,8,0.3,0.25,0.3
150,500,100,0.5,8,0.3,0.25,0.3
151,500,100,0.5,8,0.3,0.25,0.3
152,500,100,0.5,8,0.3,0.25,0.3
153,500,100,0.5,8,0.3,0.25,0.3
154,500,100,0.5,8,0.3,0.25,0.3
155,500,100,0.5,8,0.3,0.25,0.3
156,500,100,0.5,8,0.3,0.25,0.3
157,500,100,0.5,8,0.3,0.25,0.3
158,500,100,0.5,8,0.3,0.25,0.3
159,500,100,0.5,8,0.3,0.25,0.3
160,500,100,0.5,8,0.3,0.25,0.3
161,500,100,0.5,8,0.3,0.5,0.3
162,500,100,0.5,8,0.3,0.5,0.3
163,500,100,0.5,8,0.3,0.5,0.3
164,500,100,0.5,8,0.3,0.5,0.3
165,500,100,0.5,8,0.3,0.5,0.3
166,500,100,0.5,8,0.3,0.5,0.3
167,500,100,0.5,8,0.3,0.5,0.3
168,500,100,0.5,8,0.3,0.5,0.3
169,500,100,0.5,8,0.3,0.5,0.3
170,500,100,0.5,8,0.3,0.5,0.3
171,500,100,0.5,8,0.3,0.5,0.3
172,500,100,0.5,8,0.3,0.5,0.3
173,500,100,0.5,8,0.3,0.5,0.3
174,500,100,0.5,8,0.3,0.5,0.3
175,500,100,0.5,8,0.3,0.5,0.3
176,500,100,0.5,8,0.3,0.5,0.3
177,500,100,0.5,8,0.3,0.5,0.3
178,500,100,0.5,8,0.3,0.5,0.3
179,500,100,0.5,8,0.3,0.5,0.3
180,500,100,0.5,8,0.3,0.5,0.3
181,500,100,0.5,8,0.3,0.5,0.3
182,500,100,0.5,8,0.3,0.5,0.3
183,500,100,0.5,8,0.3,0.5,0.3
184,500,100,0.5,8,0.3,0.5,0.3
185,500,100,0.5,8,0.3,0.5,0.3
186,500,100,0.5,8,0.3,0.5,0.3
187,500,100,0.5,8,0.3,0.5,0.3
188,500,100,0.5,8,0.3,0.5,0.3
189,500,100,0.5,8,0.3,0.5,0.3
190,500,100,0.5,8,0.3,0.5,0.3
191,500,100,0.5,8,0.3,0.5,0.3
192,500,100,0.5,8,0.3,0.5,0.3
193,500,100,0.5,8,0.3,0.5,0.3
194,500,100,0.5,8,0.3,0.5,0.3
195,500,100,0.5,8,0.3,0.5,0.3
196,500,100,0.5,8,0.3,0.5,0.3
197,500,100,0.5,8,0.3,0.5,0.3
198,500,100,0.5,8,0.3,0.5,0.3
199,500,100,0.5,8,0.3,0.5,0.3
200,500,100,0.5,8,0.3,0.5,0.3
201,500,100,0.5,8,0.3,0.75,0.3
202,500,100,0.5,8,0.3,0.75,0.3
203,500,100,0.5,8,0.3,0.75,0.3
204,500,100,0.5,8,0.3,0.75,0.3
205,500,100,0.5,8,0.3,0.75,0.3
206,500,100,0.5,8,0.3,0.75,0.3
207,500,100,0.5,8,0.3,0.75,0.3
208,500,100,0.5,8,0.3,0.75,0.3
209,500,100,0.5,8,0.3,0.75,0.3
210,500,100,0.5,8,0.3,0.75,0.3
211,500,100,0.5,8,0.3,0.75,0.3
212,500,100,0.5,8,0.3,0.75,0.3
213,500,100,0.5,8,0.3,0.75,0.3
214,500,100,0.5,8,0.3,0.75,0.3
215,500,100,0.5,8,0.3,0.75,0.3
216,500,100,0.5,8,0.3,0.75,0.3
217,500,100,0.5,8,0.3,0.75,0.3
218,500,100,0.5,8,0.3,0.75,0.3
219,500,100,0.5,8,0.3,0.75,0.3
220,500,100,0.5,8,0.3,0.75,0.3
221,500,100,0.5,8,0.3,0.75,0.3
222,500,100,0.5,8,0.3,0.75,0.3
223,500,100,0.5,8,0.3,0.75,0.3
224,500,100,0.5,8,0.3,0.75,0.3
225,500,100,0.5,8,0.3,0.75,0.3
226,500,100,0.5,8,0.3,0.75,0.3
227,500,100,0.5,8,0.3,0.75,0.3
228,500,100,0.5,8,0.3,0.75,0.3
229,500,100,0.5,8,0.3,0.75,0.3
230,500,100,0.5,8,0.3,0.75,0.3
231,500,100,0.5,8,0.3,0.75,0.3
232,500,100,0.5,8,0.3,0.75,0.3
233,500,100,0.5,8,0.3,0.75,0.3
234,500,100,0.5,8,0.3,0.75,0.3
235,500,100,0.5,8,0.3,0.75,0.3
236,500,100,0.5,8,0.3,0.75,0.3
237,500,100,0.5,8,0.3,0.75,0.3
238,500,100,0.5,8,0.3,0.75,0.3
239,500,100,0.5,8,0.3,0.75,0.3
240,500,100,0.5,8,0.3,0.75,0.3
241,500,100,0.5,12,0.3,0.25,0.3
242,500,100,0.5,12,0.3,0.25,0.3
243,500,100,0.5,12,0.3,0.25,0.3
244,500,100,0.5,12,0.3,0.25,0.3
245,500,100,0.5,12,0.3,0.25,0.3
246,500,100,0.5,12,0.3,0.25,0.3
247,500,100,0.5,12,0.3,0.25,0.3
248,500,100,0.5,12,0.3,0.25,0.3
249,500,100,0.5,12,0.3,0.25,0.3
250,500,100,0.5,12,0.3,0.25,0.3
251,500,100,0.5,12,0.3,0.25,0.3
252,500,100,0.5,12,0.3,0.25,0.3
253,500,100,0.5,12,0.3,0.25,0.3
254,500,100,0.5,12,0.3,0.25,0.3
255,500,100,0.5,12,0.3,0.25,0.3
256,500,100,0.5,12,0.3,0.25,0.3
257,500,100,0.5,12,0.3,0.25,0.3
258,500,100,0.5,12,0.3,0.25,0.3
259,500,100,0.5,12,0.3,0.25,0.3
260,500,100,0.5,12,0.3,0.25,0.3
261,500,100,0.5,12,0.3,0.25,0.3
262,500,100,0.5,12,0.3,0.25,0.3
263,500,100,0.5,12,0.3,0.25,0.3
264,500,100,0.5,12,0.3,0.25,0.3
265,500,100,0.5,12,0.3,0.25,0.3
266,500,100,0.5,12,0.3,0.25,0.3
267,500,100,0.5,12,0.3,0.25,0.3
268,500,100,0.5,12,0.3,0.25,0.3
269,500,100,0.5,12,0.3,0.25,0.3
270,500,100,0.5,12,0.3,0.25,0.3
271,500,100,0.5,12,0.3,0.25,0.3
272,500,100,0.5,12,0.3,0.25,0.3
273,500,100,0.5,12,0.3,0.25,0.3
274,500,100,0.5,12,0.3,0.25,0.3
275,500,100,0.5,12,0.3,0.25,0.3
276,500,100,0.5,12,0.3,0.25,0.3
277,500,100,0.5,12,0.3,0.25,0.3
278,500,100,0.5,12,0.3,0.25,0.3
279,500,100,0.5,12,0.3,0.25,0.3
280,500,100,0.5,12,0.3,0.25,0.3
281,500,100,0.5,12,0.3,0.5,0.3
282,500,100,0.5,12,0.3,0.5,0.3
283,500,100,0.5,12,0.3,0.5,0.3
284,500,100,0.5,12,0.3,0.5,0.3
285,500,100,0.5,12,0.3,0.5,0.3
286,500,100,0.5,12,0.3,0.5,0.3
287,500,100,0.5,12,0.3,0.5,0.3
288,500,100,0.5,12,0.3,0.5,0.3
289,500,100,0.5,12,0.3,0.5,0.3
290,500,100,0.5,12,0.3,0.5,0.3
291,500,100,0.5,12,0.3,0.5,0.3
292,500,100,0.5,12,0.3,0.5,0.3
293,500,100,0.5,12,0.3,0.5,0.3
294,500,100,0.5,12,0.3,0.5,0.3
295,500,100,0.5,12,0.3,0.5,0.3
296,500,100,0.5,12,0.3,0.5,0.3
297,500,100,0.5,12,0.3,0.5,0.3
298,500,100,0.5,12,0.3,0.5,0.3
299,500,100,0.5,12,0.3,0.5,0.3
300,500,100,0.5,12,0.3,0.5,0.3
301,500,100,0.5,12,0.3,0.5,0.3
302,500,100,0.5,12,0.3,0.5,0.3
303,500,100,0.5,12,0.3,0.5,0.3
304,500,100,0.5,12,0.3,0.5,0.3
305,500,100,0.5,12,0.3,0.5,0.3
306,500,100,0.5,12,0.3,0.5,0.3
307,500,100,0.5,12,0.3,0.5,0.3
308,500,100,0.5,12,0.3,0.5,0.3
309,500,100,0.5,12,0.3,0.5,0.3
310,500,100,0.5,12,0.3,0.5,0.3
311,500,100,0.5,12,0.3,0.5,0.3
312,500,100,0.5,12,0.3,0.5,0.3
313,500,100,0.5,12,0.3,0.5,0.3
314,500,100,0.5,12,0.3,0.5,0.3
315,500,100,0.5,12,0.3,0.5,0.3
316,500,100,0.5,12,0.3,0.5,0.3
317,500,100,0.5,12,0.3,0.5,0.3
318,500,100,0.5,12,0.3,0.5,0.3
319,500,100,0.5,12,0.3,0.5,0.3
320,500,100,0.5,12,0.3,0.5,0.3
321,500,100,0.5,12,0.3,0.75,0.3
322,500,100,0.5,12,0.3,0.75,0.3
323,500,100,0.5,12,0.3,0.75,0.3
324,500,100,0.5,12,0.3,0.75,0.3
325,500,100,0.5,12,0.3,0.75,0.3
326,500,100,0.5,12,0.3,0.75,0.3
327,500,100,0.5,12,0.3,0.75,0.3
328,500,100,0.5,12,0.3,0.75,0.3
329,500,100,0.5,12,0.3,0.75,0.3
330,500,100,0.5,12,0.3,0.75,0.3
331,500,100,0.5,12,0.3,0.75,0.3
332,500,100,0.5,12,0.3,0.75,0.3
333,500,100,0.5,12,0.3,0.75,0.3
334,500,100,0.5,12,0.3,0.75,0.3
335,500,100,0.5,12,0.3,0.75,0.3
336,500,100,0.5,12,0.3,0.75,0.3
337,500,100,0.5,12,0.3,0.75,0.3
338,500,100,0.5,12,0.3,0.75,0.3
339,500,100,0.5,12,0.3,0.75,0.3
340,500,100,0.5,12,0.3,0.75,0.3
341,500,100,0.5,12,0.3,0.75,0.3
342,500,100,0.5,12,0.3,0.75,0.3
343,500,100,0.5,12,0.3,0.75,0.3
344,500,100,0.5,12,0.3,0.75,0.3
345,500,100,0.5,12,0.3,0.75,0.3
346,500,100,0.5,12,0.3,0.75,0.3
347,500,100,0.5,12,0.3,0.75,0.3
348,500,100,0.5,12,0.3,0.75,0.3
349,500,100,0.5,12,0.3,0.75,0.3
350,500,100,0.5,12,0.3,0.75,0.3
351,500,100,0.5,12,0.3,0.75,0.3
352,500,100,0.5,12,0.3,0.75,0.3
353,500,100,0.5,12,0.3,0.75,0.3
354,500,100,0.5,12,0.3,0.75,0.3
355,500,100,0.5,12,0.3,0.75,0.3
356,500,100,0.5,12,0.3,0.75,0.3
357,500,100,0.5,12,0.3,0.75,0.3
358,500,100,0.5,12,0.3,0.75,0.3
359,500,100,0.5,12,0.3,0.75,0.3
360,500,100,0.5,12,0.3,0.75,0.3
361,500,200,0.5,4,0.3,0.25,0.3
362,500,200,0.5,4,0.3,0.25,0.3
363,500,200,0.5,4,0.3,0.25,0.3
364,500,200,0.5,4,0.3,0.25,0.3
365,500,200,0.5,4,0.3,0.25,0.3
366,500,200,0.5,4,0.3,0.25,0.3
367,500,200,0.5,4,0.3,0.25,0.3
368,500,200,0.5,4,0.3,0.25,0.3
369,500,200,0.5,4,0.3,0.25,0.3
370,500,200,0.5,4,0.3,0.25,0.3
371,500,200,0.5,4,0.3,0.25,0.3
372,500,200,0.5,4,0.3,0.25,0.3
373,500,200,0.5,4,0.3,0.25,0.3
374,500,200,0.5,4,0.3,0.25,0.3
375,500,200,0.5,4,0.3,0.25,0.3
376,500,200,0.5,4,0.3,0.25,0.3
377,500,200,0.5,4,0.3,0.25,0.3
378,500,200,0.5,4,0.3,0.25,0.3
379,500,200,0.5,4,0.3,0.25,0.3
380,500,200,0.5,4,0.3,0.25,0.3
381,500,200,0.5,4,0.3,0.25,0.3
382,500,200,0.5,4,0.3,0.25,0.3
383,500,200,0.5,4,0.3,0.25,0.3
384,500,200,0.5,4,0.3,0.25,0.3
385,500,200,0.5,4,0.3,0.25,0.3
386,500,200,0.5,4,0.3,0.25,0.3
387,500,200,0.5,4,0.3,0.25,0.3
388,500,200,0.5,4,0.3,0.25,0.3
389,500,200,0.5,4,0.3,0.25,0.3
390,500,200,0.5,4,0.3,0.25,0.3
391,500,200,0.5,4,0.3,0.25,0.3
392,500,200,0.5,4,0.3,0.25,0.3
393,500,200,0.5,4,0.3,0.25,0.3
394,500,200,0.5,4,0.3,0.25,0.3
395,500,200,0.5,4,0.3,0.25,0.3
396,500,200,0.5,4,0.3,0.25,0.3
397,500,200,0.5,4,0.3,0.25,0.3
398,500,200,0.5,4,0.3,0.25,0.3
399,500,200,0.5,4,0.3,0.25,0.3
400,500,200,0.5,4,0.3,0.25,0.3
401,500,200,0.5,4,0.3,0.5,0.3
402,500,200,0.5,4,0.3,0.5,0.3
403,500,200,0.5,4,0.3,0.5,0.3
404,500,200,0.5,4,0.3,0.5,0.3
405,500,200,0.5,4,0.3,0.5,0.3
406,500,200,0.5,4,0.3,0.5,0.3
407,500,200,0.5,4,0.3,0.5,0.3
408,500,200,0.5,4,0.3,0.5,0.3
409,500,200,0.5,4,0.3,0.5,0.3
410,500,200,0.5,4,0.3,0.5,0.3
411,500,200,0.5,4,0.3,0.5,0.3
412,500,200,0.5,4,0.3,0.5,0.3
413,500,200,0.5,4,0.3,0.5,0.3
414,500,200,0.5,4,0.3,0.5,0.3
415,500,200,0.5,4,0.3,0.5,0.3
416,500,200,0.5,4,0.3,0.5,0.3
417,500,200,0.5,4,0.3,0.5,0.3
418,500,200,0.5,4,0.3,0.5,0.3
419,500,200,0.5,4,0.3,0.5,0.3
420,500,200,0.5,4,0.3,0.5,0.3
421,500,200,0.5,4,0.3,0.5,0.3
422,500,200,0.5,4,0.3,0.5,0.3
423,500,200,0.5,4,0.3,0.5,0.3
424,500,200,0.5,4,0.3,0.5,0.3
425,500,200,0.5,4,0.3,0.5,0.3
426,500,200,0.5,4,0.3,0.5,0.3
427,500,200,0.5,4,0.3,0.5,0.3
428,500,200,0.5,4,0.3,0.5,0.3
429,500,200,0.5,4,0.3,0.5,0.3
430,500,200,0.5,4,0.3,0.5,0.3
431,500,200,0.5,4,0.3,0.5,0.3
432,500,200,0.5,4,0.3,0.5,0.3
433,500,200,0.5,4,0.3,0.5,0.3
434,500,200,0.5,4,0.3,0.5,0.3
435,500,200,0.5,4,0.3,0.5,0.3
436,500,200,0.5,4,0.3,0.5,0.3
437,500,200,0.5,4,0.3,0.5,0.3
438,500,200,0.5,4,0.3,0.5,0.3
439,500,200,0.5,4,0.3,0.5,0.3
440,500,200,0.5,4,0.3,0.5,0.3
441,500,200,0.5,4,0.3,0.75,0.3
442,500,200,0.5,4,0.3,0.75,0.3
443,500,200,0.5,4,0.3,0.75,0.3
444,500,200,0.5,4,0.3,0.75,0.3
445,500,200,0.5,4,0.3,0.75,0.3
446,500,200,0.5,4,0.3,0.75,0.3
447,500,200,0.5,4,0.3,0.75,0.3
448,500,200,0.5,4,0.3,0.75,0.3
449,500,200,0.5,4,0.3,0.75,0.3
450,500,200,0.5,4,0.3,0.75,0.3
451,500,200,0.5,4,0.3,0.75,0.3
452,500,200,0.5,4,0.3,0.75,0.3
453,500,200,0.5,4,0.3,0.75,0.3
454,500,200,0.5,4,0.3,0.75,0.3
455,500,200,0.5,4,0.3,0.75,0.3
456,500,200,0.5,4,0.3,0.75,0.3
457,500,200,0.5,4,0.3,0.75,0.3
458,500,200,0.5,4,0.3,0.75,0.3
459,500,200,0.5,4,0.3,0.75,0.3
460,500,200,0.5,4,0.3,0.75,0.3
461,500,200,0.5,4,0.3,0.75,0.3
462,500,200,0.5,4,0.3,0.75,0.3
463,500,200,0.5,4,0.3,0.75,0.3
464,500,200,0.5,4,0.3,0.75,0.3
465,500,200,0.5,4,0.3,0.75,0.3
466,500,200,0.5,4,0.3,0.75,0.3
467,500,200,0.5,4,0.3,0.75,0.3
468,500,200,0.5,4,0.3,0.75,0.3
469,500,200,0.5,4,0.3,0.75,0.3
470,500,200,0.5,4,0.3,0.75,0.3
471,500,200,0.5,4,0.3,0.75,0.3
472,500,200,0.5,4,0.3,0.75,0.3
473,500,200,0.5,4,0.3,0.75,0.3
474,500,200,0.5,4,0.3,0.75,0.3
475,500,200,0.5,4,0.3,0.75,0.3
476,500,200,0.5,4,0.3,0.75,0.3
477,500,200,0.5,4,0.3,0.75,0.3
478,500,200,0.5,4,0.3,0.75,0.3
479,500,200,0.5,4,0.3,0.75,0.3
480,500,200,0.5,4,0.3,0.75,0.3
481,500,200,0.5,8,0.3,0.25,0.3
482,500,200,0.5,8,0.3,0.25,0.3
483,500,200,0.5,8,0.3,0.25,0.3
484,500,200,0.5,8,0.3,0.25,0.3
485,500,200,0.5,8,0.3,0.25,0.3
486,500,200,0.5,8,0.3,0.25,0.3
487,500,200,0.5,8,0.3,0.25,0.3
488,500,200,0.5,8,0.3,0.25,0.3
489,500,200,0.5,8,0.3,0.25,0.3
490,500,200,0.5,8,0.3,0.25,0.3
491,500,200,0.5,8,0.3,0.25,0.3
492,500,200,0.5,8,0.3,0.25,0.3
493,500,200,0.5,8,0.3,0.25,0.3
494,500,200,0.5,8,0.3,0.25,0.3
495,500,200,0.5,8,0.3,0.25,0.3
496,500,200,0.5,8,0.3,0.25,0.3
497,500,200,0.5,8,0.3,0.25,0.3
498,500,200,0.5,8,0.3,0.25,0.3
499,500,200,0.5,8,0.3,0.25,0.3
500,500,200,0.5,8,0.3,0.25,0.3
501,500,200,0.5,8,0.3,0.25,0.3
502,500,200,0.5,8,0.3,0.25,0.3
503,500,200,0.5,8,0.3,0.25,0.3
504,500,200,0.5,8,0.3,0.25,0.3
505,500,200,0.5,8,0.3,0.25,0.3
506,500,200,0.5,8,0.3,0.25,0.3
507,500,200,0.5,8,0.3,0.25,0.3
508,500,200,0.5,8,0.3,0.25,0.3
509,500,200,0.5,8,0.3,0.25,0.3
510,500,200,0.5,8,0.3,0.25,0.3
511,500,200,0.5,8,0.3,0.25,0.3
512,500,200,0.5,8,0.3,0.25,0.3
513,500,200,0.5,8,0.3,0.25,0.3
514,500,200,0.5,8,0.3,0.25,0.3
515,500,200,0.5,8,0.3,0.25,0.3
516,500,200,0.5,8,0.3,0.25,0.3
517,500,200,0.5,8,0.3,0.25,0.3
518,500,200,0.5,8,0.3,0.25,0.3
519,500,200,0.5,8,0.3,0.25,0.3
520,500,200,0.5,8,0.3,0.25,0.3
521,500,200,0.5,8,0.3,0.5,0.3
522,500,200,0.5,8,0.3,0.5,0.3
523,500,200,0.5,8,0.3,0.5,0.3
524,500,200,0.5,8,0.3,0.5,0.3
525,500,200,0.5,8,0.3,0.5,0.3
526,500,200,0.5,8,0.3,0.5,0.3
527,500,200,0.5,8,0.3,0.5,0.3
528,500,200,0.5,8,0.3,0.5,0.3
529,500,200,0.5,8,0.3,0.5,0.3
530,500,200,0.5,8,0.3,0.5,0.3
531,500,200,0.5,8,0.3,0.5,0.3
532,500,200,0.5,8,0.3,0.5,0.3
533,500,200,0.5,8,0.3,0.5,0.3
534,500,200,0.5,8,0.3,0.5,0.3
535,500,200,0.5,8,0.3,0.5,0.3
536,500,200,0.5,8,0.3,0.5,0.3
537,500,200,0.5,8,0.3,0.5,0.3
538,500,200,0.5,8,0.3,0.5,0.3
539,500,200,0.5,8,0.3,0.5,0.3
540,500,200,0.5,8,0.3,0.5,0.3
541,500,200,0.5,8,0.3,0.5,0.3
542,500,200,0.5,8,0.3,0.5,0.3
543,500,200,0.5,8,0.3,0.5,0.3
544,500,200,0.5,8,0.3,0.5,0.3
545,500,200,0.5,8,0.3,0.5,0.3
546,500,200,0.5,8,0.3,0.5,0.3
547,500,200,0.5,8,0.3,0.5,0.3
548,500,200,0.5,8,0.3,0.5,0.3
549,500,200,0.5,8,0.3,0.5,0.3
550,500,200,0.5,8,0.3,0.5,0.3
551,500,200,0.5,8,0.3,0.5,0.3
552,500,200,0.5,8,0.3,0.5,0.3
553,500,200,0.5,8,0.3,0.5,0.3
554,500,200,0.5,8,0.3,0.5,0.3
555,500,200,0.5,8,0.3,0.5,0.3
556,500,200,0.5,8,0.3,0.5,0.3
557,500,200,0.5,8,0.3,0.5,0.3
558,500,200,0.5,8,0.3,0.5,0.3
559,500,200,0.5,8,0.3,0.5,0.3
560,500,200,0.5,8,0.3,0.5,0.3
561,500,200,0.5,8,0.3,0.75,0.3
562,500,200,0.5,8,0.3,0.75,0.3
563,500,200,0.5,8,0.3,0.75,0.3
564,500,200,0.5,8,0.3,0.75,0.3
565,500,200,0.5,8,0.3,0.75,0.3
566,500,200,0.5,8,0.3,0.75,0.3
567,500,200,0.5,8,0.3,0.75,0.3
568,500,200,0.5,8,0.3,0.75,0.3
569,500,200,0.5,8,0.3,0.75,0.3
570,500,200,0.5,8,0.3,0.75,0.3
571,500,200,0.5,8,0.3,0.75,0.3
572,500,200,0.5,8,0.3,0.75,0.3
573,500,200,0.5,8,0.3,0.75,0.3
574,500,200,0.5,8,0.3,0.75,0.3
575,500,200,0.5,8,0.3,0.75,0.3
576,500,200,0.5,8,0.3,0.75,0.3
577,500,200,0.5,8,0.3,0.75,0.3
578,500,200,0.5,8,0.3,0.75,0.3
579,500,200,0.5,8,0.3,0.75,0.3
580,500,200,0.5,8,0.3,0.75,0.3
581,500,200,0.5,8,0.3,0.75,0.3
582,500,200,0.5,8,0.3,0.75,0.3
583,500,200,0.5,8,0.3,0.75,0.3
584,500,200,0.5,8,0.3,0.75,0.3
585,500,200,0.5,8,0.3,0.75,0.3
586,500,200,0.5,8,0.3,0.75,0.3
587,500,200,0.5,8,0.3,0.75,0.3
588,500,200,0.5,8,0.3,0.75,0.3
589,500,200,0.5,8,0.3,0.75,0.3
590,500,200,0.5,8,0.3,0.75,0.3
591,500,200,0.5,8,0.3,0.75,0.3
592,500,200,0.5,8,0.3,0.75,0.3
593,500,200,0.5,8,0.3,0.75,0.3
594,500,200,0.5,8,0.3,0.75,0.3
595,500,200,0.5,8,0.3,0.75,0.3
596,500,200,0.5,8,0.3,0.75,0.3
597,500,200,0.5,8,0.3,0.75,0.3
598,500,200,0.5,8,0.3,0.75,0.3
599,500,200,0.5,8,0.3,0.75,0.3
600,500,200,0.5,8,0.3,0.75,0.3
601,500,200,0.5,12,0.3,0.25,0.3
602,500,200,0.5,12,0.3,0.25,0.3
603,500,200,0.5,12,0.3,0.25,0.3
604,500,200,0.5,12,0.3,0.25,0.3
605,500,200,0.5,12,0.3,0.25,0.3
606,500,200,0.5,12,0.3,0.25,0.3
607,500,200,0.5,12,0.3,0.25,0.3
608,500,200,0.5,12,0.3,0.25,0.3
609,500,200,0.5,12,0.3,0.25,0.3
610,500,200,0.5,12,0.3,0.25,0.3
611,500,200,0.5,12,0.3,0.25,0.3
612,500,200,0.5,12,0.3,0.25,0.3
613,500,200,0.5,12,0.3,0.25,0.3
614,500,200,0.5,12,0.3,0.25,0.3
615,500,200,0.5,12,0.3,0.25,0.3
616,500,200,0.5,12,0.3,0.25,0.3
617,500,200,0.5,12,0.3,0.25,0.3
618,500,200,0.5,12,0.3,0.25,0.3
619,500,200,0.5,12,0.3,0.25,0.3
620,500,200,0.5,12,0.3,0.25,0.3
621,500,200,0.5,12,0.3,0.25,0.3
622,500,200,0.5,12,0.3,0.25,0.3
623,500,200,0.5,12,0.3,0.25,0.3
624,500,200,0.5,12,0.3,0.25,0.3
625,500,200,0.5,12,0.3,0.25,0.3
626,500,200,0.5,12,0.3,0.25,0.3
627,500,200,0.5,12,0.3,0.25,0.3
628,500,200,0.5,12,0.3,0.25,0.3
629,500,200,0.5,12,0.3,0.25,0.3
630,500,200,0.5,12,0.3,0.25,0.3
631,500,200,0.5,12,0.3,0.25,0.3
632,500,200,0.5,12,0.3,0.25,0.3
633,500,200,0.5,12,0.3,0.25,0.3
634,500,200,0.5,12,0.3,0.25,0.3
635,500,200,0.5,12,0.3,0.25,0.3
636,500,200,0.5,12,0.3,0.25,0.3
637,500,200,0.5,12,0.3,0.25,0.3
638,500,200,0.5,12,0.3,0.25,0.3
639,500,200,0.5,12,0.3,0.25,0.3
640,500,200,0.5,12,0.3,0.25,0.3
641,500,200,0.5,12,0.3,0.5,0.3
642,500,200,0.5,12,0.3,0.5,0.3
643,500,200,0.5,12,0.3,0.5,0.3
644,500,200,0.5,12,0.3,0.5,0.3
645,500,200,0.5,12,0.3,0.5,0.3
646,500,200,0.5,12,0.3,0.5,0.3
647,500,200,0.5,12,0.3,0.5,0.3
648,500,200,0.5,12,0.3,0.5,0.3
649,500,200,0.5,12,0.3,0.5,0.3
650,500,200,0.5,12,0.3,0.5,0.3
651,500,200,0.5,12,0.3,0.5,0.3
652,500,200,0.5,12,0.3,0.5,0.3
653,500,200,0.5,12,0.3,0.5,0.3
654,500,200,0.5,12,0.3,0.5,0.3
655,500,200,0.5,12,0.3,0.5,0.3
656,500,200,0.5,12,0.3,0.5,0.3
657,500,200,0.5,12,0.3,0.5,0.3
658,500,200,0.5,12,0.3,0.5,0.3
659,500,200,0.5,12,0.3,0.5,0.3
660,500,200,0.5,12,0.3,0.5,0.3
661,500,200,0.5,12,0.3,0.5,0.3
662,500,200,0.5,12,0.3,0.5,0.3
663,500,200,0.5,12,0.3,0.5,0.3
664,500,200,0.5,12,0.3,0.5,0.3
665,500,200,0.5,12,0.3,0.5,0.3
666,500,200,0.5,12,0.3,0.5,0.3
667,500,200,0.5,12,0.3,0.5,0.3
668,500,200,0.5,12,0.3,0.5,0.3
669,500,200,0.5,12,0.3,0.5,0.3
670,500,200,0.5,12,0.3,0.5,0.3
671,500,200,0.5,12,0.3,0.5,0.3
672,500,200,0.5,12,0.3,0.5,0.3
673,500,200,0.5,12,0.3,0.5,0.3
674,500,200,0.5,12,0.3,0.5,0.3
675,500,200,0.5,12,0.3,0.5,0.3
676,500,200,0.5,12,0.3,0.5,0.3
677,500,200,0.5,12,0.3,0.5,0.3
678,500,200,0.5,12,0.3,0.5,0.3
679,500,200,0.5,12,0.3,0.5,0.3
680,500,200,0.5,12,0.3,0.5,0.3
681,500,200,0.5,12,0.3,0.75,0.3
682,500,200,0.5,12,0.3,0.75,0.3
683,500,200,0.5,12,0.3,0.75,0.3
684,500,200,0.5,12,0.3,0.75,0.3
685,500,200,0.5,12,0.3,0.75,0.3
686,500,200,0.5,12,0.3,0.75,0.3
687,500,200,0.5,12,0.3,0.75,0.3
688,500,200,0.5,12,0.3,0.75,0.3
689,500,200,0.5,12,0.3,0.75,0.3
690,500,200,0.5,12,0.3,0.75,0.3
691,500,200,0.5,12,0.3,0.75,0.3
692,500,200,0.5,12,0.3,0.75,0.3
693,500,200,0.5,12,0.3,0.75,0.3
694,500,200,0.5,12,0.3,0.75,0.3
695,500,200,0.5,12,0.3,0.75,0.3
696,500,200,0.5,12,0.3,0.75,0.3
697,500,200,0.5,12,0.3,0.75,0.3
698,500,200,0.5,12,0.3,0.75,0.3
699,500,200,0.5,12,0.3,0.75,0.3
700,500,200,0.5,12,0.3,0.75,0.3
701,500,200,0.5,12,0.3,0.75,0.3
702,500,200,0.5,12,0.3,0.75,0.3
703,500,200,0.5,12,0.3,0.75,0.3
704,500,200,0.5,12,0.3,0.75,0.3
705,500,200,0.5,12,0.3,0.75,0.3
706,500,200,0.5,12,0.3,0.75,0.3
707,500,200,0.5,12,0.3,0.75,0.3
708,500,200,0.5,12,0.3,0.75,0.3
709,500,200,0.5,12,0.3,0.75,0.3
710,500,200,0.5,12,0.3,0.75,0.3
711,500,200,0.5,12,0.3,0.75,0.3
712,500,200,0.5,12,0.3,0.75,0.3
713,500,200,0.5,12,0.3,0.75,0.3
714,500,200,0.5,12,0.3,0.75,0.3
715,500,200,0.5,12,0.3,0.75,0.3
716,500,200,0.5,12,0.3,0.75,0.3
717,500,200,0.5,12,0.3,0.75,0.3
718,500,200,0.5,12,0.3,0.75,0.3
719,500,200,0.5,12,0.3,0.75,0.3
720,500,200,0.5,12,0.3,0.75,0.3
721,500,400,0.5,4,0.3,0.25,0.3
722,500,400,0.5,4,0.3,0.25,0.3
723,500,400,0.5,4,0.3,0.25,0.3
724,500,400,0.5,4,0.3,0.25,0.3
725,500,400,0.5,4,0.3,0.25,0.3
726,500,400,0.5,4,0.3,0.25,0.3
727,500,400,0.5,4,0.3,0.25,0.3
728,500,400,0.5,4,0.3,0.25,0.3
729,500,400,0.5,4,0.3,0.25,0.3
730,500,400,0.5,4,0.3,0.25,0.3
731,500,400,0.5,4,0.3,0.25,0.3
732,500,400,0.5,4,0.3,0.25,0.3
733,500,400,0.5,4,0.3,0.25,0.3
734,500,400,0.5,4,0.3,0.25,0.3
735,500,400,0.5,4,0.3,0.25,0.3
736,500,400,0.5,4,0.3,0.25,0.3
737,500,400,0.5,4,0.3,0.25,0.3
738,500,400,0.5,4,0.3,0.25,0.3
739,500,400,0.5,4,0.3,0.25,0.3
740,500,400,0.5,4,0.3,0.25,0.3
741,500,400,0.5,4,0.3,0.25,0.3
742,500,400,0.5,4,0.3,0.25,0.3
743,500,400,0.5,4,0.3,0.25,0.3
744,500,400,0.5,4,0.3,0.25,0.3
745,500,400,0.5,4,0.3,0.25,0.3
746,500,400,0.5,4,0.3,0.25,0.3
747,500,400,0.5,4,0.3,0.25,0.3
748,500,400,0.5,4,0.3,0.25,0.3
749,500,400,0.5,4,0.3,0.25,0.3
750,500,400,0.5,4,0.3,0.25,0.3
751,500,400,0.5,4,0.3,0.25,0.3
752,500,400,0.5,4,0.3,0.25,0.3
753,500,400,0.5,4,0.3,0.25,0.3
754,500,400,0.5,4,0.3,0.25,0.3
755,500,400,0.5,4,0.3,0.25,0.3
756,500,400,0.5,4,0.3,0.25,0.3
757,500,400,0.5,4,0.3,0.25,0.3
758,500,400,0.5,4,0.3,0.25,0.3
759,500,400,0.5,4,0.3,0.25,0.3
760,500,400,0.5,4,0.3,0.25,0.3
761,500,400,0.5,4,0.3,0.5,0.3
762,500,400,0.5,4,0.3,0.5,0.3
763,500,400,0.5,4,0.3,0.5,0.3
764,500,400,0.5,4,0.3,0.5,0.3
765,500,400,0.5,4,0.3,0.5,0.3
766,500,400,0.5,4,0.3,0.5,0.3
767,500,400,0.5,4,0.3,0.5,0.3
768,500,400,0.5,4,0.3,0.5,0.3
769,500,400,0.5,4,0.3,0.5,0.3
770,500,400,0.5,4,0.3,0.5,0.3
771,500,400,0.5,4,0.3,0.5,0.3
772,500,400,0.5,4,0.3,0.5,0.3
773,500,400,0.5,4,0.3,0.5,0.3
774,500,400,0.5,4,0.3,0.5,0.3
775,500,400,0.5,4,0.3,0.5,0.3
776,500,400,0.5,4,0.3,0.5,0.3
777,500,400,0.5,4,0.3,0.5,0.3
778,500,400,0.5,4,0.3,0.5,0.3
779,500,400,0.5,4,0.3,0.5,0.3
780,500,400,0.5,4,0.3,0.5,0.3
781,500,400,0.5,4,0.3,0.5,0.3
782,500,400,0.5,4,0.3,0.5,0.3
783,500,400,0.5,4,0.3,0.5,0.3
784,500,400,0.5,4,0.3,0.5,0.3
785,500,400,0.5,4,0.3,0.5,0.3
786,500,400,0.5,4,0.3,0.5,0.3
787,500,400,0.5,4,0.3,0.5,0.3
788,500,400,0.5,4,0.3,0.5,0.3
789,500,400,0.5,4,0.3,0.5,0.3
790,500,400,0.5,4,0.3,0.5,0.3
791,500,400,0.5,4,0.3,0.5,0.3
792,500,400,0.5,4,0.3,0.5,0.3
793,500,400,0.5,4,0.3,0.5,0.3
794,500,400,0.5,4,0.3,0.5,0.3
795,500,400,0.5,4,0.3,0.5,0.3
796,500,400,0.5,4,0.3,0.5,0.3
797,500,400,0.5,4,0.3,0.5,0.3
798,500,400,0.5,4,0.3,0.5,0.3
799,500,400,0.5,4,0.3,0.5,0.3
800,500,400,0.5,4,0.3,0.5,0.3
801,500,400,0.5,4,0.3,0.75,0.3
802,500,400,0.5,4,0.3,0.75,0.3
803,500,400,0.5,4,0.3,0.75,0.3
804,500,400,0.5,4,0.3,0.75,0.3
805,500,400,0.5,4,0.3,0.75,0.3
806,500,400,0.5,4,0.3,0.75,0.3
807,500,400,0.5,4,0.3,0.75,0.3
808,500,400,0.5,4,0.3,0.75,0.3
809,500,400,0.5,4,0.3,0.75,0.3
810,500,400,0.5,4,0.3,0.75,0.3
811,500,400,0.5,4,0.3,0.75,0.3
812,500,400,0.5,4,0.3,0.75,0.3
813,500,400,0.5,4,0.3,0.75,0.3
814,500,400,0.5,4,0.3,0.75,0.3
815,500,400,0.5,4,0.3,0.75,0.3
816,500,400,0.5,4,0.3,0.75,0.3
817,500,400,0.5,4,0.3,0.75,0.3
818,500,400,0.5,4,0.3,0.75,0.3
819,500,400,0.5,4,0.3,0.75,0.3
820,500,400,0.5,4,0.3,0.75,0.3
821,500,400,0.5,4,0.3,0.75,0.3
822,500,400,0.5,4,0.3,0.75,0.3
823,500,400,0.5,4,0.3,0.75,0.3
824,500,400,0.5,4,0.3,0.75,0.3
825,500,400,0.5,4,0.3,0.75,0.3
826,500,400,0.5,4,0.3,0.75,0.3
827,500,400,0.5,4,0.3,0.75,0.3
828,500,400,0.5,4,0.3,0.75,0.3
829,500,400,0.5,4,0.3,0.75,0.3
830,500,400,0.5,4,0.3,0.75,0.3
831,500,400,0.5,4,0.3,0.75,0.3
832,500,400,0.5,4,0.3,0.75,0.3
833,500,400,0.5,4,0.3,0.75,0.3
834,500,400,0.5,4,0.3,0.75,0.3
835,500,400,0.5,4,0.3,0.75,0.3
836,500,400,0.5,4,0.3,0.75,0.3
837,500,400,0.5,4,0.3,0.75,0.3
838,500,400,0.5,4,0.3,0.75,0.3
839,500,400,0.5,4,0.3,0.75,0.3
840,500,400,0.5,4,0.3,0.75,0.3
841,500,400,0.5,8,0.3,0.25,0.3
842,500,400,0.5,8,0.3,0.25,0.3
843,500,400,0.5,8,0.3,0.25,0.3
844,500,400,0.5,8,0.3,0.25,0.3
845,500,400,0.5,8,0.3,0.25,0.3
846,500,400,0.5,8,0.3,0.25,0.3
847,500,400,0.5,8,0.3,0.25,0.3
848,500,400,0.5,8,0.3,0.25,0.3
849,500,400,0.5,8,0.3,0.25,0.3
850,500,400,0.5,8,0.3,0.25,0.3
851,500,400,0.5,8,0.3,0.25,0.3
852,500,400,0.5,8,0.3,0.25,0.3
853,500,400,0.5,8,0.3,0.25,0.3
854,500,400,0.5,8,0.3,0.25,0.3
855,500,400,0.5,8,0.3,0.25,0.3
856,500,400,0.5,8,0.3,0.25,0.3
857,500,400,0.5,8,0.3,0.25,0.3
858,500,400,0.5,8,0.3,0.25,0.3
859,500,400,0.5,8,0.3,0.25,0.3
860,500,400,0.5,8,0.3,0.25,0.3
861,500,400,0.5,8,0.3,0.25,0.3
862,500,400,0.5,8,0.3,0.25,0.3
863,500,400,0.5,8,0.3,0.25,0.3
864,500,400,0.5,8,0.3,0.25,0.3
865,500,400,0.5,8,0.3,0.25,0.3
866,500,400,0.5,8,0.3,0.25,0.3
867,500,400,0.5,8,0.3,0.25,0.3
868,500,400,0.5,8,0.3,0.25,0.3
869,500,400,0.5,8,0.3,0.25,0.3
870,500,400,0.5,8,0.3,0.25,0.3
871,500,400,0.5,8,0.3,0.25,0.3
872,500,400,0.5,8,0.3,0.25,0.3
873,500,400,0.5,8,0.3,0.25,0.3
874,500,400,0.5,8,0.3,0.25,0.3
875,500,400,0.5,8,0.3,0.25,0.3
876,500,400,0.5,8,0.3,0.25,0.3
877,500,400,0.5,8,0.3,0.25,0.3
878,500,400,0.5,8,0.3,0.25,0.3
879,500,400,0.5,8,0.3,0.25,0.3
880,500,400,0.5,8,0.3,0.25,0.3
881,500,400,0.5,8,0.3,0.5,0.3
882,500,400,0.5,8,0.3,0.5,0.3
883,500,400,0.5,8,0.3,0.5,0.3
884,500,400,0.5,8,0.3,0.5,0.3
885,500,400,0.5,8,0.3,0.5,0.3
886,500,400,0.5,8,0.3,0.5,0.3
887,500,400,0.5,8,0.3,0.5,0.3
888,500,400,0.5,8,0.3,0.5,0.3
889,500,400,0.5,8,0.3,0.5,0.3
890,500,400,0.5,8,0.3,0.5,0.3
891,500,400,0.5,8,0.3,0.5,0.3
892,500,400,0.5,8,0.3,0.5,0.3
893,500,400,0.5,8,0.3,0.5,0.3
894,500,400,0.5,8,0.3,0.5,0.3
895,500,400,0.5,8,0.3,0.5,0.3
896,500,400,0.5,8,0.3,0.5,0.3
897,500,400,0.5,8,0.3,0.5,0.3
898,500,400,0.5,8,0.3,0.5,0.3
899,500,400,0.5,8,0.3,0.5,0.3
900,500,400,0.5,8,0.3,0.5,0.3
901,500,400,0.5,8,0.3,0.5,0.3
902,500,400,0.5,8,0.3,0.5,0.3
903,500,400,0.5,8,0.3,0.5,0.3
904,500,400,0.5,8,0.3,0.5,0.3
905,500,400,0.5,8,0.3,0.5,0.3
906,500,400,0.5,8,0.3,0.5,0.3
907,500,400,0.5,8,0.3,0.5,0.3
908,500,400,0.5,8,0.3,0.5,0.3
909,500,400,0.5,8,0.3,0.5,0.3
910,500,400,0.5,8,0.3,0.5,0.3
911,500,400,0.5,8,0.3,0.5,0.3
912,500,400,0.5,8,0.3,0.5,0.3
913,500,400,0.5,8,0.3,0.5,0.3
914,500,400,0.5,8,0.3,0.5,0.3
915,500,400,0.5,8,0.3,0.5,0.3
916,500,400,0.5,8,0.3,0.5,0.3
917,500,400,0.5,8,0.3,0.5,0.3
918,500,400,0.5,8,0.3,0.5,0.3
919,500,400,0.5,8,0.3,0.5,0.3
920,500,400,0.5,8,0.3,0.5,0.3
921,500,400,0.5,8,0.3,0.75,0.3
922,500,400,0.5,8,0.3,0.75,0.3
923,500,400,0.5,8,0.3,0.75,0.3
924,500,400,0.5,8,0.3,0.75,0.3
925,500,400,0.5,8,0.3,0.75,0.3
926,500,400,0.5,8,0.3,0.75,0.3
927,500,400,0.5,8,0.3,0.75,0.3
928,500,400,0.5,8,0.3,0.75,0.3
929,500,400,0.5,8,0.3,0.75,0.3
930,500,400,0.5,8,0.3,0.75,0.3
931,500,400,0.5,8,0.3,0.75,0.3
932,500,400,0.5,8,0.3,0.75,0.3
933,500,400,0.5,8,0.3,0.75,0.3
934,500,400,0.5,8,0.3,0.75,0.3
935,500,400,0.5,8,0.3,0.75,0.3
936,500,400,0.5,8,0.3,0.75,0.3
937,500,400,0.5,8,0.3,0.75,0.3
938,500,400,0.5,8,0.3,0.75,0.3
939,500,400,0.5,8,0.3,0.75,0.3
940,500,400,0.5,8,0.3,0.75,0.3
941,500,400,0.5,8,0.3,0.75,0.3
942,500,400,0.5,8,0.3,0.75,0.3
943,500,400,0.5,8,0.3,0.75,0.3
944,500,400,0.5,8,0.3,0.75,0.3
945,500,400,0.5,8,0.3,0.75,0.3
946,500,400,0.5,8,0.3,0.75,0.3
947,500,400,0.5,8,0.3,0.75,0.3
948,500,400,0.5,8,0.3,0.75,0.3
949,500,400,0.5,8,0.3,0.75,0.3
950,500,400,0.5,8,0.3,0.75,0.3
951,500,400,0.5,8,0.3,0.75,0.3
952,500,400,0.5,8,0.3,0.75,0.3
953,500,400,0.5,8,0.3,0.75,0.3
954,500,400,0.5,8,0.3,0.75,0.3
955,500,400,0.5,8,0.3,0.75,0.3
956,500,400,0.5,8,0.3,0.75,0.3
957,500,400,0.5,8,0.3,0.75,0.3
958,500,400,0.5,8,0.3,0.75,0.3
959,500,400,0.5,8,0.3,0.75,0.3
960,500,400,0.5,8,0.3,0.75,0.3
961,500,400,0.5,12,0.3,0.25,0.3
962,500,400,0.5,12,0.3,0.25,0.3
963,500,400,0.5,12,0.3,0.25,0.3
964,500,400,0.5,12,0.3,0.25,0.3
965,500,400,0.5,12,0.3,0.25,0.3
966,500,400,0.5,12,0.3,0.25,0.3
967,500,400,0.5,12,0.3,0.25,0.3
968,500,400,0.5,12,0.3,0.25,0.3
969,500,400,0.5,12,0.3,0.25,0.3
970,500,400,0.5,12,0.3,0.25,0.3
971,500,400,0.5,12,0.3,0.25,0.3
972,500,400,0.5,12,0.3,0.25,0.3
973,500,400,0.5,12,0.3,0.25,0.3
974,500,400,0.5,12,0.3,0.25,0.3
975,500,400,0.5,12,0.3,0.25,0.3
976,500,400,0.5,12,0.3,0.25,0.3
977,500,400,0.5,12,0.3,0.25,0.3
978,500,400,0.5,12,0.3,0.25,0.3
979,500,400,0.5,12,0.3,0.25,0.3
980,500,400,0.5,12,0.3,0.25,0.3
981,500,400,0.5,12,0.3,0.25,0.3
982,500,400,0.5,12,0.3,0.25,0.3
983,500,400,0.5,12,0.3,0.25,0.3
984,500,400,0.5,12,0.3,0.25,0.3
985,500,400,0.5,12,0.3,0.25,0.3
986,500,400,0.5,12,0.3,0.25,0.3
987,500,400,0.5,12,0.3,0.25,0.3
988,500,400,0.5,12,0.3,0.25,0.3
989,500,400,0.5,12,0.3,0.25,0.3
990,500,400,0.5,12,0.3,0.25,0.3
991,500,400,0.5,12,0.3,0.25,0.3
992,500,400,0.5,12,0.3,0.25,0.3
993,500,400,0.5,12,0.3,0.25,0.3
994,500,400,0.5,12,0.3,0.25,0.3
995,500,400,0.5,12,0.3,0.25,0.3
996,500,400,0.5,12,0.3,0.25,0.3
997,500,400,0.5,12,0.3,0.25,0.3
998,500,400,0.5,12,0.3,0.25,0.3
999,500,400,0.5,12,0.3,0.25,0.3
1000,500,400,0.5,12,0.3,0.25,0.3
1001,500,400,0.5,12,0.3,0.5,0.3
1002,500,400,0.5,12,0.3,0.5,0.3
1003,500,400,0.5,12,0.3,0.5,0.3
1004,500,400,0.5,12,0.3,0.5,0.3
1005,500,400,0.5,12,0.3,0.5,0.3
1006,500,400,0.5,12,0.3,0.5,0.3
1007,500,400,0.5,12,0.3,0.5,0.3
1008,500,400,0.5,12,0.3,0.5,0.3
1009,500,400,0.5,12,0.3,0.5,0.3
1010,500,400,0.5,12,0.3,0.5,0.3
1011,500,400,0.5,12,0.3,0.5,0.3
1012,500,400,0.5,12,0.3,0.5,0.3
1013,500,400,0.5,12,0.3,0.5,0.3
1014,500,400,0.5,12,0.3,0.5,0.3
1015,500,400,0.5,12,0.3,0.5,0.3
1016,500,400,0.5,12,0.3,0.5,0.3
1017,500,400,0.5,12,0.3,0.5,0.3
1018,500,400,0.5,12,0.3,0.5,0.3
1019,500,400,0.5,12,0.3,0.5,0.3
1020,500,400,0.5,12,0.3,0.5,0.3
1021,500,400,0.5,12,0.3,0.5,0.3
1022,500,400,0.5,12,0.3,0.5,0.3
1023,500,400,0.5,12,0.3,0.5,0.3
1024,500,400,0.5,12,0.3,0.5,0.3
1025,500,400,0.5,12,0.3,0.5,0.3
1026,500,400,0.5,12,0.3,0.5,0.3
1027,500,400,0.5,12,0.3,0.5,0.3
1028,500,400,0.5,12,0.3,0.5,0.3
1029,500,400,0.5,12,0.3,0.5,0.3
1030,500,400,0.5,12,0.3,0.5,0.3
1031,500,400,0.5,12,0.3,0.5,0.3
1032,500,400,0.5,12,0.3,0.5,0.3
1033,500,400,0.5,12,0.3,0.5,0.3
1034,500,400,0.5,12,0.3,0.5,0.3
1035,500,400,0.5,12,0.3,0.5,0.3
1036,500,400,0.5,12,0.3,0.5,0.3
1037,500,400,0.5,12,0.3,0.5,0.3
1038,500,400,0.5,12,0.3,0.5,0.3
1039,500,400,0.5,12,0.3,0.5,0.3
1040,500,400,0.5,12,0.3,0.5,0.3
1041,500,400,0.5,12,0.3,0.75,0.3
1042,500,400,0.5,12,0.3,0.75,0.3
1043,500,400,0.5,12,0.3,0.75,0.3
1044,500,400,0.5,12,0.3,0.75,0.3
1045,500,400,0.5,12,0.3,0.75,0.3
1046,500,400,0.5,12,0.3,0.75,0.3
1047,500,400,0.5,12,0.3,0.75,0.3
1048,500,400,0.5,12,0.3,0.75,0.3
1049,500,400,0.5,12,0.3,0.75,0.3
1050,500,400,0.5,12,0.3,0.75,0.3
1051,500,400,0.5,12,0.3,0.75,0.3
1052,500,400,0.5,12,0.3,0.75,0.3
1053,500,400,0.5,12,0.3,0.75,0.3
1054,500,400,0.5,12,0.3,0.75,0.3
1055,500,400,0.5,12,0.3,0.75,0.3
1056,500,400,0.5,12,0.3,0.75,0.3
1057,500,400,0.5,12,0.3,0.75,0.3
1058,500,400,0.5,12,0.3,0.75,0.3
1059,500,400,0.5,12,0.3,0.75,0.3
1060,500,400,0.5,12,0.3,0.75,0.3
1061,500,400,0.5,12,0.3,0.75,0.3
1062,500,400,0.5,12,0.3,0.75,0.3
1063,500,400,0.5,12,0.3,0.75,0.3
1064,500,400,0.5,12,0.3,0.75,0.3
1065,500,400,0.5,12,0.3,0.75,0.3
1066,500,400,0.5,12,0.3,0.75,0.3
1067,500,400,0.5,12,0.3,0.75,0.3
1068,500,400,0.5,12,0.3,0.75,0.3
1069,500,400,0.5,12,0.3,0.75,0.3
1070,500,400,0.5,12,0.3,0.75,0.3
1071,500,400,0.5,12,0.3,0.75,0.3
1072,500,400,0.5,12,0.3,0.75,0.3
1073,500,400,0.5,12,0.3,0.75,0.3
1074,500,400,0.5,12,0.3,0.75,0.3
1075,500,400,0.5,12,0.3,0.75,0.3
1076,500,400,0.5,12,0.3,0.75,0.3
1077,500,400,0.5,12,0.3,0.75,0.3
1078,500,400,0.5,12,0.3,0.75,0.3
1079,500,400,0.5,12,0.3,0.75,0.3
1080,500,400,0.5,12,0.3,0.75,0.3
1081,500,1000,0.5,4,0.3,0.25,0.3
1082,500,1000,0.5,4,0.3,0.25,0.3
1083,500,1000,0.5,4,0.3,0.25,0.3
1084,500,1000,0.5,4,0.3,0.25,0.3
1085,500,1000,0.5,4,0.3,0.25,0.3
1086,500,1000,0.5,4,0.3,0.25,0.3
1087,500,1000,0.5,4,0.3,0.25,0.3
1088,500,1000,0.5,4,0.3,0.25,0.3
1089,500,1000,0.5,4,0.3,0.25,0.3
1090,500,1000,0.5,4,0.3,0.25,0.3
1091,500,1000,0.5,4,0.3,0.25,0.3
1092,500,1000,0.5,4,0.3,0.25,0.3
1093,500,1000,0.5,4,0.3,0.25,0.3
1094,500,1000,0.5,4,0.3,0.25,0.3
1095,500,1000,0.5,4,0.3,0.25,0.3
1096,500,1000,0.5,4,0.3,0.25,0.3
1097,500,1000,0.5,4,0.3,0.25,0.3
1098,500,1000,0.5,4,0.3,0.25,0.3
1099,500,1000,0.5,4,0.3,0.25,0.3
1100,500,1000,0.5,4,0.3,0.25,0.3
1101,500,1000,0.5,4,0.3,0.25,0.3
1102,500,1000,0.5,4,0.3,0.25,0.3
1103,500,1000,0.5,4,0.3,0.25,0.3
1104,500,1000,0.5,4,0.3,0.25,0.3
1105,500,1000,0.5,4,0.3,0.25,0.3
1106,500,1000,0.5,4,0.3,0.25,0.3
1107,500,1000,0.5,4,0.3,0.25,0.3
1108,500,1000,0.5,4,0.3,0.25,0.3
1109,500,1000,0.5,4,0.3,0.25,0.3
1110,500,1000,0.5,4,0.3,0.25,0.3
1111,500,1000,0.5,4,0.3,0.25,0.3
1112,500,1000,0.5,4,0.3,0.25,0.3
1113,500,1000,0.5,4,0.3,0.25,0.3
1114,500,1000,0.5,4,0.3,0.25,0.3
1115,500,1000,0.5,4,0.3,0.25,0.3
1116,500,1000,0.5,4,0.3,0.25,0.3
1117,500,1000,0.5,4,0.3,0.25,0.3
1118,500,1000,0.5,4,0.3,0.25,0.3
1119,500,1000,0.5,4,0.3,0.25,0.3
1120,500,1000,0.5,4,0.3,0.25,0.3
1121,500,1000,0.5,4,0.3,0.5,0.3
1122,500,1000,0.5,4,0.3,0.5,0.3
1123,500,1000,0.5,4,0.3,0.5,0.3
1124,500,1000,0.5,4,0.3,0.5,0.3
1125,500,1000,0.5,4,0.3,0.5,0.3
1126,500,1000,0.5,4,0.3,0.5,0.3
1127,500,1000,0.5,4,0.3,0.5,0.3
1128,500,1000,0.5,4,0.3,0.5,0.3
1129,500,1000,0.5,4,0.3,0.5,0.3
1130,500,1000,0.5,4,0.3,0.5,0.3
1131,500,1000,0.5,4,0.3,0.5,0.3
1132,500,1000,0.5,4,0.3,0.5,0.3
1133,500,1000,0.5,4,0.3,0.5,0.3
1134,500,1000,0.5,4,0.3,0.5,0.3
1135,500,1000,0.5,4,0.3,0.5,0.3
1136,500,1000,0.5,4,0.3,0.5,0.3
1137,500,1000,0.5,4,0.3,0.5,0.3
1138,500,1000,0.5,4,0.3,0.5,0.3
1139,500,1000,0.5,4,0.3,0.5,0.3
1140,500,1000,0.5,4,0.3,0.5,0.3
1141,500,1000,0.5,4,0.3,0.5,0.3
1142,500,1000,0.5,4,0.3,0.5,0.3
1143,500,1000,0.5,4,0.3,0.5,0.3
1144,500,1000,0.5,4,0.3,0.5,0.3
1145,500,1000,0.5,4,0.3,0.5,0.3
1146,500,1000,0.5,4,0.3,0.5,0.3
1147,500,1000,0.5,4,0.3,0.5,0.3
1148,500,1000,0.5,4,0.3,0.5,0.3
1149,500,1000,0.5,4,0.3,0.5,0.3
1150,500,1000,0.5,4,0.3,0.5,0.3
1151,500,1000,0.5,4,0.3,0.5,0.3
1152,500,1000,0.5,4,0.3,0.5,0.3
1153,500,1000,0.5,4,0.3,0.5,0.3
1154,500,1000,0.5,4,0.3,0.5,0.3
1155,500,1000,0.5,4,0.3,0.5,0.3
1156,500,1000,0.5,4,0.3,0.5,0.3
1157,500,1000,0.5,4,0.3,0.5,0.3
1158,500,1000,0.5,4,0.3,0.5,0.3
1159,500,1000,0.5,4,0.3,0.5,0.3
1160,500,1000,0.5,4,0.3,0.5,0.3
1161,500,1000,0.5,4,0.3,0.75,0.3
1162,500,1000,0.5,4,0.3,0.75,0.3
1163,500,1000,0.5,4,0.3,0.75,0.3
1164,500,1000,0.5,4,0.3,0.75,0.3
1165,500,1000,0.5,4,0.3,0.75,0.3
1166,500,1000,0.5,4,0.3,0.75,0.3
1167,500,1000,0.5,4,0.3,0.75,0.3
1168,500,1000,0.5,4,0.3,0.75,0.3
1169,500,1000,0.5,4,0.3,0.75,0.3
1170,500,1000,0.5,4,0.3,0.75,0.3
1171,500,1000,0.5,4,0.3,0.75,0.3
1172,500,1000,0.5,4,0.3,0.75,0.3
1173,500,1000,0.5,4,0.3,0.75,0.3
1174,500,1000,0.5,4,0.3,0.75,0.3
1175,500,1000,0.5,4,0.3,0.75,0.3
1176,500,1000,0.5,4,0.3,0.75,0.3
1177,500,1000,0.5,4,0.3,0.75,0.3
1178,500,1000,0.5,4,0.3,0.75,0.3
1179,500,1000,0.5,4,0.3,0.75,0.3
1180,500,1000,0.5,4,0.3,0.75,0.3
1181,500,1000,0.5,4,0.3,0.75,0.3
1182,500,1000,0.5,4,0.3,0.75,0.3
1183,500,1000,0.5,4,0.3,0.75,0.3
1184,500,1000,0.5,4,0.3,0.75,0.3
1185,500,1000,0.5,4,0.3,0.75,0.3
1186,500,1000,0.5,4,0.3,0.75,0.3
1187,500,1000,0.5,4,0.3,0.75,0.3
1188,500,1000,0.5,4,0.3,0.75,0.3
1189,500,1000,0.5,4,0.3,0.75,0.3
1190,500,1000,0.5,4,0.3,0.75,0.3
1191,500,1000,0.5,4,0.3,0.75,0.3
1192,500,1000,0.5,4,0.3,0.75,0.3
1193,500,1000,0.5,4,0.3,0.75,0.3
1194,500,1000,0.5,4,0.3,0.75,0.3
1195,500,1000,0.5,4,0.3,0.75,0.3
1196,500,1000,0.5,4,0.3,0.75,0.3
1197,500,1000,0.5,4,0.3,0.75,0.3
1198,500,1000,0.5,4,0.3,0.75,0.3
1199,500,1000,0.5,4,0.3,0.75,0.3
1200,500,1000,0.5,4,0.3,0.75,0.3
1201,500,1000,0.5,8,0.3,0.25,0.3
1202,500,1000,0.5,8,0.3,0.25,0.3
1203,500,1000,0.5,8,0.3,0.25,0.3
1204,500,1000,0.5,8,0.3,0.25,0.3
1205,500,1000,0.5,8,0.3,0.25,0.3
1206,500,1000,0.5,8,0.3,0.25,0.3
1207,500,1000,0.5,8,0.3,0.25,0.3
1208,500,1000,0.5,8,0.3,0.25,0.3
1209,500,1000,0.5,8,0.3,0.25,0.3
1210,500,1000,0.5,8,0.3,0.25,0.3
1211,500,1000,0.5,8,0.3,0.25,0.3
1212,500,1000,0.5,8,0.3,0.25,0.3
1213,500,1000,0.5,8,0.3,0.25,0.3
1214,500,1000,0.5,8,0.3,0.25,0.3
1215,500,1000,0.5,8,0.3,0.25,0.3
1216,500,1000,0.5,8,0.3,0.25,0.3
1217,500,1000,0.5,8,0.3,0.25,0.3
1218,500,1000,0.5,8,0.3,0.25,0.3
1219,500,1000,0.5,8,0.3,0.25,0.3
1220,500,1000,0.5,8,0.3,0.25,0.3
1221,500,1000,0.5,8,0.3,0.25,0.3
1222,500,1000,0.5,8,0.3,0.25,0.3
1223,500,1000,0.5,8,0.3,0.25,0.3
1224,500,1000,0.5,8,0.3,0.25,0.3
1225,500,1000,0.5,8,0.3,0.25,0.3
1226,500,1000,0.5,8,0.3,0.25,0.3
1227,500,1000,0.5,8,0.3,0.25,0.3
1228,500,1000,0.5,8,0.3,0.25,0.3
1229,500,1000,0.5,8,0.3,0.25,0.3
1230,500,1000,0.5,8,0.3,0.25,0.3
1231,500,1000,0.5,8,0.3,0.25,0.3
1232,500,1000,0.5,8,0.3,0.25,0.3
1233,500,1000,0.5,8,0.3,0.25,0.3
1234,500,1000,0.5,8,0.3,0.25,0.3
1235,500,1000,0.5,8,0.3,0.25,0.3
1236,500,1000,0.5,8,0.3,0.25,0.3
1237,500,1000,0.5,8,0.3,0.25,0.3
1238,500,1000,0.5,8,0.3,0.25,0.3
1239,500,1000,0.5,8,0.3,0.25,0.3
1240,500,1000,0.5,8,0.3,0.25,0.3
1241,500,1000,0.5,8,0.3,0.5,0.3
1242,500,1000,0.5,8,0.3,0.5,0.3
1243,500,1000,0.5,8,0.3,0.5,0.3
1244,500,1000,0.5,8,0.3,0.5,0.3
1245,500,1000,0.5,8,0.3,0.5,0.3
1246,500,1000,0.5,8,0.3,0.5,0.3
1247,500,1000,0.5,8,0.3,0.5,0.3
1248,500,1000,0.5,8,0.3,0.5,0.3
1249,500,1000,0.5,8,0.3,0.5,0.3
1250,500,1000,0.5,8,0.3,0.5,0.3
1251,500,1000,0.5,8,0.3,0.5,0.3
1252,500,1000,0.5,8,0.3,0.5,0.3
1253,500,1000,0.5,8,0.3,0.5,0.3
1254,500,1000,0.5,8,0.3,0.5,0.3
1255,500,1000,0.5,8,0.3,0.5,0.3
1256,500,1000,0.5,8,0.3,0.5,0.3
1257,500,1000,0.5,8,0.3,0.5,0.3
1258,500,1000,0.5,8,0.3,0.5,0.3
1259,500,1000,0.5,8,0.3,0.5,0.3
1260,500,1000,0.5,8,0.3,0.5,0.3
1261,500,1000,0.5,8,0.3,0.5,0.3
1262,500,1000,0.5,8,0.3,0.5,0.3
1263,500,1000,0.5,8,0.3,0.5,0.3
1264,500,1000,0.5,8,0.3,0.5,0.3
1265,500,1000,0.5,8,0.3,0.5,0.3
1266,500,1000,0.5,8,0.3,0.5,0.3
1267,500,1000,0.5,8,0.3,0.5,0.3
1268,500,1000,0.5,8,0.3,0.5,0.3
1269,500,1000,0.5,8,0.3,0.5,0.3
1270,500,1000,0.5,8,0.3,0.5,0.3
1271,500,1000,0.5,8,0.3,0.5,0.3
1272,500,1000,0.5,8,0.3,0.5,0.3
1273,500,1000,0.5,8,0.3,0.5,0.3
1274,500,1000,0.5,8,0.3,0.5,0.3
1275,500,1000,0.5,8,0.3,0.5,0.3
1276,500,1000,0.5,8,0.3,0.5,0.3
1277,500,1000,0.5,8,0.3,0.5,0.3
1278,500,1000,0.5,8,0.3,0.5,0.3
1279,500,1000,0.5,8,0.3,0.5,0.3
1280,500,1000,0.5,8,0.3,0.5,0.3
1281,500,1000,0.5,8,0.3,0.75,0.3
1282,500,1000,0.5,8,0.3,0.75,0.3
1283,500,1000,0.5,8,0.3,0.75,0.3
1284,500,1000,0.5,8,0.3,0.75,0.3
1285,500,1000,0.5,8,0.3,0.75,0.3
1286,500,1000,0.5,8,0.3,0.75,0.3
1287,500,1000,0.5,8,0.3,0.75,0.3
1288,500,1000,0.5,8,0.3,0.75,0.3
1289,500,1000,0.5,8,0.3,0.75,0.3
1290,500,1000,0.5,8,0.3,0.75,0.3
1291,500,1000,0.5,8,0.3,0.75,0.3
1292,500,1000,0.5,8,0.3,0.75,0.3
1293,500,1000,0.5,8,0.3,0.75,0.3
1294,500,1000,0.5,8,0.3,0.75,0.3
1295,500,1000,0.5,8,0.3,0.75,0.3
1296,500,1000,0.5,8,0.3,0.75,0.3
1297,500,1000,0.5,8,0.3,0.75,0.3
1298,500,1000,0.5,8,0.3,0.75,0.3
1299,500,1000,0.5,8,0.3,0.75,0.3
1300,500,1000,0.5,8,0.3,0.75,0.3
1301,500,1000,0.5,8,0.3,0.75,0.3
1302,500,1000,0.5,8,0.3,0.75,0.3
1303,500,1000,0.5,8,0.3,0.75,0.3
1304,500,1000,0.5,8,0.3,0.75,0.3
1305,500,1000,0.5,8,0.3,0.75,0.3
1306,500,1000,0.5,8,0.3,0.75,0.3
1307,500,1000,0.5,8,0.3,0.75,0.3
1308,500,1000,0.5,8,0.3,0.75,0.3
1309,500,1000,0.5,8,0.3,0.75,0.3
1310,500,1000,0.5,8,0.3,0.75,0.3
1311,500,1000,0.5,8,0.3,0.75,0.3
1312,500,1000,0.5,8,0.3,0.75,0.3
1313,500,1000,0.5,8,0.3,0.75,0.3
1314,500,1000,0.5,8,0.3,0.75,0.3
1315,500,1000,0.5,8,0.3,0.75,0.3
1316,500,1000,0.5,8,0.3,0.75,0.3
1317,500,1000,0.5,8,0.3,0.75,0.3
1318,500,1000,0.5,8,0.3,0.75,0.3
1319,500,1000,0.5,8,0.3,0.75,0.3
1320,500,1000,0.5,8,0.3,0.75,0.3
1321,500,1000,0.5,12,0.3,0.25,0.3
1322,500,1000,0.5,12,0.3,0.25,0.3
1323,500,1000,0.5,12,0.3,0.25,0.3
1324,500,1000,0.5,12,0.3,0.25,0.3
1325,500,1000,0.5,12,0.3,0.25,0.3
1326,500,1000,0.5,12,0.3,0.25,0.3
1327,500,1000,0.5,12,0.3,0.25,0.3
1328,500,1000,0.5,12,0.3,0.25,0.3
1329,500,1000,0.5,12,0.3,0.25,0.3
1330,500,1000,0.5,12,0.3,0.25,0.3
1331,500,1000,0.5,12,0.3,0.25,0.3
1332,500,1000,0.5,12,0.3,0.25,0.3
1333,500,1000,0.5,12,0.3,0.25,0.3
1334,500,1000,0.5,12,0.3,0.25,0.3
1335,500,1000,0.5,12,0.3,0.25,0.3
1336,500,1000,0.5,12,0.3,0.25,0.3
1337,500,1000,0.5,12,0.3,0.25,0.3
1338,500,1000,0.5,12,0.3,0.25,0.3
1339,500,1000,0.5,12,0.3,0.25,0.3
1340,500,1000,0.5,12,0.3,0.25,0.3
1341,500,1000,0.5,12,0.3,0.25,0.3
1342,500,1000,0.5,12,0.3,0.25,0.3
1343,500,1000,0.5,12,0.3,0.25,0.3
1344,500,1000,0.5,12,0.3,0.25,0.3
1345,500,1000,0.5,12,0.3,0.25,0.3
1346,500,1000,0.5,12,0.3,0.25,0.3
1347,500,1000,0.5,12,0.3,0.25,0.3
1348,500,1000,0.5,12,0.3,0.25,0.3
1349,500,1000,0.5,12,0.3,0.25,0.3
1350,500,1000,0.5,12,0.3,0.25,0.3
1351,500,1000,0.5,12,0.3,0.25,0.3
1352,500,1000,0.5,12,0.3,0.25,0.3
1353,500,1000,0.5,12,0.3,0.25,0.3
1354,500,1000,0.5,12,0.3,0.25,0.3
1355,500,1000,0.5,12,0.3,0.25,0.3
1356,500,1000,0.5,12,0.3,0.25,0.3
1357,500,1000,0.5,12,0.3,0.25,0.3
1358,500,1000,0.5,12,0.3,0.25,0.3
1359,500,1000,0.5,12,0.3,0.25,0.3
1360,500,1000,0.5,12,0.3,0.25,0.3
1361,500,1000,0.5,12,0.3,0.5,0.3
1362,500,1000,0.5,12,0.3,0.5,0.3
1363,500,1000,0.5,12,0.3,0.5,0.3
1364,500,1000,0.5,12,0.3,0.5,0.3
1365,500,1000,0.5,12,0.3,0.5,0.3
1366,500,1000,0.5,12,0.3,0.5,0.3
1367,500,1000,0.5,12,0.3,0.5,0.3
1368,500,1000,0.5,12,0.3,0.5,0.3
1369,500,1000,0.5,12,0.3,0.5,0.3
1370,500,1000,0.5,12,0.3,0.5,0.3
1371,500,1000,0.5,12,0.3,0.5,0.3
1372,500,1000,0.5,12,0.3,0.5,0.3
1373,500,1000,0.5,12,0.3,0.5,0.3
1374,500,1000,0.5,12,0.3,0.5,0.3
1375,500,1000,0.5,12,0.3,0.5,0.3
1376,500,1000,0.5,12,0.3,0.5,0.3
1377,500,1000,0.5,12,0.3,0.5,0.3
1378,500,1000,0.5,12,0.3,0.5,0.3
1379,500,1000,0.5,12,0.3,0.5,0.3
1380,500,1000,0.5,12,0.3,0.5,0.3
1381,500,1000,0.5,12,0.3,0.5,0.3
1382,500,1000,0.5,12,0.3,0.5,0.3
1383,500,1000,0.5,12,0.3,0.5,0.3
1384,500,1000,0.5,12,0.3,0.5,0.3
1385,500,1000,0.5,12,0.3,0.5,0.3
1386,500,1000,0.5,12,0.3,0.5,0.3
1387,500,1000,0.5,12,0.3,0.5,0.3
1388,500,1000,0.5,12,0.3,0.5,0.3
1389,500,1000,0.5,12,0.3,0.5,0.3
1390,500,1000,0.5,12,0.3,0.5,0.3
1391,500,1000,0.5,12,0.3,0.5,0.3
1392,500,1000,0.5,12,0.3,0.5,0.3
1393,500,1000,0.5,12,0.3,0.5,0.3
1394,500,1000,0.5,12,0.3,0.5,0.3
1395,500,1000,0.5,12,0.3,0.5,0.3
1396,500,1000,0.5,12,0.3,0.5,0.3
1397,500,1000,0.5,12,0.3,0.5,0.3
1398,500,1000,0.5,12,0.3,0.5,0.3
1399,500,1000,0.5,12,0.3,0.5,0.3
1400,500,1000,0.5,12,0.3,0.5,0.3
1401,500,1000,0.5,12,0.3,0.75,0.3
1402,500,1000,0.5,12,0.3,0.75,0.3
1403,500,1000,0.5,12,0.3,0.75,0.3
1404,500,1000,0.5,12,0.3,0.75,0.3
1405,500,1000,0.5,12,0.3,0.75,0.3
1406,500,1000,0.5,12,0.3,0.75,0.3
1407,500,1000,0.5,12,0.3,0.75,0.3
1408,500,1000,0.5,12,0.3,0.75,0.3
1409,500,1000,0.5,12,0.3,0.75,0.3
1410,500,1000,0.5,12,0.3,0.75,0.3
1411,500,1000,0.5,12,0.3,0.75,0.3
1412,500,1000,0.5,12,0.3,0.75,0.3
1413,500,1000,0.5,12,0.3,0.75,0.3
1414,500,1000,0.5,12,0.3,0.75,0.3
1415,500,1000,0.5,12,0.3,0.75,0.3
1416,500,1000,0.5,12,0.3,0.75,0.3
1417,500,1000,0.5,12,0.3,0.75,0.3
1418,500,1000,0.5,12,0.3,0.75,0.3
1419,500,1000,0.5,12,0.3,0.75,0.3
1420,500,1000,0.5,12,0.3,0.75,0.3
1421,500,1000,0.5,12,0.3,0.75,0.3
1422,500,1000,0.5,12,0.3,0.75,0.3
1423,500,1000,0.5,12,0.3,0.75,0.3
1424,500,1000,0.5,12,0.3,0.75,0.3
1425,500,1000,0.5,12,0.3,0.75,0.3
1426,500,1000,0.5,12,0.3,0.75,0.3
1427,500,1000,0.5,12,0.3,0.75,0.3
1428,500,1000,0.5,12,0.3,0.75,0.3
1429,500,1000,0.5,12,0.3,0.75,0.3
1430,500,1000,0.5,12,0.3,0.75,0.3
1431,500,1000,0.5,12,0.3,0.75,0.3
1432,500,1000,0.5,12,0.3,0.75,0.3
1433,500,1000,0.5,12,0.3,0.75,0.3
1434,500,1000,0.5,12,0.3,0.75,0.3
1435,500,1000,0.5,12,0.3,0.75,0.3
1436,500,1000,0.5,12,0.3,0.75,0.3
1437,500,1000,0.5,12,0.3,0.75,0.3
1438,500,1000,0.5,12,0.3,0.75,0.3
1439,500,1000,0.5,12,0.3,0.75,0.3
1440,500,1000,0.5,12,0.3,0.75,0.3
