1,500,100,0.5,4,0.3,0.25,0
2,500,100,0.5,4,0.3,0.25,0
3,500,100,0.5,4,0.3,0.25,0
4,500,100,0.5,4,0.3,0.25,0
5,500,100,0.5,4,0.3,0.25,0
6,500,100,0.5,4,0.3,0.25,0
7,500,100,0.5,4,0.3,0.25,0
8,500,100,0.5,4,0.3,0.25,0
9,500,100,0.5,4,0.3,0.25,0
10,500,100,0.5,4,0.3,0.25,0
11,500,100,0.5,4,0.3,0.25,0
12,500,100,0.5,4,0.3,0.25,0
13,500,100,0.5,4,0.3,0.25,0
14,500,100,0.5,4,0.3,0.25,0
15,500,100,0.5,4,0.3,0.25,0
16,500,100,0.5,4,0.3,0.25,0
17,500,100,0.5,4,0.3,0.25,0
18,500,100,0.5,4,0.3,0.25,0
19,500,100,0.5,4,0.3,0.25,0
20,500,100,0.5,4,0.3,0.25,0
21,500,100,0.5,4,0.3,0.25,0
22,500,100,0.5,4,0.3,0.25,0
23,500,100,0.5,4,0.3,0.25,0
24,500,100,0.5,4,0.3,0.25,0
25,500,100,0.5,4,0.3,0.25,0
26,500,100,0.5,4,0.3,0.25,0
27,500,100,0.5,4,0.3,0.25,0
28,500,100,0.5,4,0.3,0.25,0
29,500,100,0.5,4,0.3,0.25,0
30,500,100,0.5,4,0.3,0.25,0
31,500,100,0.5,4,0.3,0.25,0
32,500,100,0.5,4,0.3,0.25,0
33,500,100,0.5,4,0.3,0.25,0
34,500,100,0.5,4,0.3,0.25,0
35,500,100,0.5,4,0.3,0.25,0
36,500,100,0.5,4,0.3,0.25,0
37,500,100,0.5,4,0.3,0.25,0
38,500,100,0.5,4,0.3,0.25,0
39,500,100,0.5,4,0.3,0.25,0
40,500,100,0.5,4,0.3,0.25,0
41,500,100,0.5,4,0.3,0.5,0
42,500,100,0.5,4,0.3,0.5,0
43,500,100,0.5,4,0.3,0.5,0
44,500,100,0.5,4,0.3,0.5,0
45,500,100,0.5,4,0.3,0.5,0
46,500,100,0.5,4,0.3,0.5,0
47,500,100,0.5,4,0.3,0.5,0
48,500,100,0.5,4,0.3,0.5,0
49,500,100,0.5,4,0.3,0.5,0
50,500,100,0.5,4,0.3,0.5,0
51,500,100,0.5,4,0.3,0.5,0
52,500,100,0.5,4,0.3,0.5,0
53,500,100,0.5,4,0.3,0.5,0
54,500,100,0.5,4,0.3,0.5,0
55,500,100,0.5,4,0.3,0.5,0
56,500,100,0.5,4,0.3,0.5,0
57,500,100,0.5,4,0.3,0.5,0
58,500,100,0.5,4,0.3,0.5,0
59,500,100,0.5,4,0.3,0.5,0
60,500,100,0.5,4,0.3,0.5,0
61,500,100,0.5,4,0.3,0.5,0
62,500,100,0.5,4,0.3,0.5,0
63,500,100,0.5,4,0.3,0.5,0
64,500,100,0.5,4,0.3,0.5,0
65,500,100,0.5,4,0.3,0.5,0
66,500,100,0.5,4,0.3,0.5,0
67,500,100,0.5,4,0.3,0.5,0
68,500,100,0.5,4,0.3,0.5,0
69,500,100,0.5,4,0.3,0.5,0
70,500,100,0.5,4,0.3,0.5,0
71,500,100,0.5,4,0.3,0.5,0
72,500,100,0.5,4,0.3,0.5,0
73,500,100,0.5,4,0.3,0.5,0
74,500,100,0.5,4,0.3,0.5,0
75,500,100,0.5,4,0.3,0.5,0
76,500,100,0.5,4,0.3,0.5,0
77,500,100,0.5,4,0.3,0.5,0
78,500,100,0.5,4,0.3,0.5,0
79,500,100,0.5,4,0.3,0.5,0
80,500,100,0.5,4,0.3,0.5,0
81,500,100,0.5,4,0.3,0.75,0
82,500,100,0.5,4,0.3,0.75,0
83,500,100,0.5,4,0.3,0.75,0
84,500,100,0.5,4,0.3,0.75,0
85,500,100,0.5,4,0.3,0.75,0
86,500,100,0.5,4,0.3,0.75,0
87,500,100,0.5,4,0.3,0.75,0
88,500,100,0.5,4,0.3,0.75,0
89,500,100,0.5,4,0.3,0.75,0
90,500,100,0.5,4,0.3,0.75,0
91,500,100,0.5,4,0.3,0.75,0
92,500,100,0.5,4,0.3,0.75,0
93,500,100,0.5,4,0.3,0.75,0
94,500,100,0.5,4,0.3,0.75,0
95,500,100,0.5,4,0.3,0.75,0
96,500,100,0.5,4,0.3,0.75,0
97,500,100,0.5,4,0.3,0.75,0
98,500,100,0.5,4,0.3,0.75,0
99,500,100,0.5,4,0.3,0.75,0
100,500,100,0.5,4,0.3,0.75,0
101,500,100,0.5,4,0.3,0.75,0
102,500,100,0.5,4,0.3,0.75,0
103,500,100,0.5,4,0.3,0.75,0
104,500,100,0.5,4,0.3,0.75,0
105,500,100,0.5,4,0.3,0.75,0
106,500,100,0.5,4,0.3,0.75,0
107,500,100,0.5,4,0.3,0.75,0
108,500,100,0.5,4,0.3,0.75,0
109,500,100,0.5,4,0.3,0.75,0
110,500,100,0.5,4,0.3,0.75,0
111,500,100,0.5,4,0.3,0.75,0
112,500,100,0.5,4,0.3,0.75,0
113,500,100,0.5,4,0.3,0.75,0
114,500,100,0.5,4,0.3,0.75,0
115,500,100,0.5,4,0.3,0.75,0
116,500,100,0.5,4,0.3,0.75,0
117,500,100,0.5,4,0.3,0.75,0
118,500,100,0.5,4,0.3,0.75,0
119,500,100,0.5,4,0.3,0.75,0
120,500,100,0.5,4,0.3,0.75,0
121,500,100,0.5,8,0.3,0.25,0
122,500,100,0.5,8,0.3,0.25,0
123,500,100,0.5,8,0.3,0.25,0
124,500,100,0.5,8,0.3,0.25,0
125,500,100,0.5,8,0.3,0.25,0
126,500,100,0.5,8,0.3,0.25,0
127,500,100,0.5,8,0.3,0.25,0
128,500,100,0.5,8,0.3,0.25,0
129,500,100,0.5,8,0.3,0.25,0
130,500,100,0.5,8,0.3,0.25,0
131,500,100,0.5,8,0.3,0.25,0
132,500,100,0.5,8,0.3,0.25,0
133,500,100,0.5,8,0.3,0.25,0
134,500,100,0.5,8,0.3,0.25,0
135,500,100,0.5,8,0.3,0.25,0
136,500,100,0.5,8,0.3,0.25,0
137,500,100,0.5,8,0.3,0.25,0
138,500,100,0.5,8,0.3,0.25,0
139,500,100,0.5,8,0.3,0.25,0
140,500,100,0.5,8,0.3,0.25,0
141,500,100,0.5,8,0.3,0.25,0
142,500,100,0.5,8,0.3,0.25,0
143,500,100,0.5,8,0.3,0.25,0
144,500,100,0.5,8,0.3,0.25,0
145,500,100,0.5,8,0.3,0.25,0
146,500,100,0.5,8,0.3,0.25,0
147,500,100,0.5,8,0.3,0.25,0
148,500,100,0.5,8,0.3,0.25,0
149,500,100,0.5,8,0.3,0.25,0
150,500,100,0.5,8,0.3,0.25,0
151,500,100,0.5,8,0.3,0.25,0
152,500,100,0.5,8,0.3,0.25,0
153,500,100,0.5,8,0.3,0.25,0
154,500,100,0.5,8,0.3,0.25,0
155,500,100,0.5,8,0.3,0.25,0
156,500,100,0.5,8,0.3,0.25,0
157,500,100,0.5,8,0.3,0.25,0
158,500,100,0.5,8,0.3,0.25,0
159,500,100,0.5,8,0.3,0.25,0
160,500,100,0.5,8,0.3,0.25,0
161,500,100,0.5,8,0.3,0.5,0
162,500,100,0.5,8,0.3,0.5,0
163,500,100,0.5,8,0.3,0.5,0
164,500,100,0.5,8,0.3,0.5,0
165,500,100,0.5,8,0.3,0.5,0
166,500,100,0.5,8,0.3,0.5,0
167,500,100,0.5,8,0.3,0.5,0
168,500,100,0.5,8,0.3,0.5,0
169,500,100,0.5,8,0.3,0.5,0
170,500,100,0.5,8,0.3,0.5,0
171,500,100,0.5,8,0.3,0.5,0
172,500,100,0.5,8,0.3,0.5,0
173,500,100,0.5,8,0.3,0.5,0
174,500,100,0.5,8,0.3,0.5,0
175,500,100,0.5,8,0.3,0.5,0
176,500,100,0.5,8,0.3,0.5,0
177,500,100,0.5,8,0.3,0.5,0
178,500,100,0.5,8,0.3,0.5,0
179,500,100,0.5,8,0.3,0.5,0
180,500,100,0.5,8,0.3,0.5,0
181,500,100,0.5,8,0.3,0.5,0
182,500,100,0.5,8,0.3,0.5,0
183,500,100,0.5,8,0.3,0.5,0
184,500,100,0.5,8,0.3,0.5,0
185,500,100,0.5,8,0.3,0.5,0
186,500,100,0.5,8,0.3,0.5,0
187,500,100,0.5,8,0.3,0.5,0
188,500,100,0.5,8,0.3,0.5,0
189,500,100,0.5,8,0.3,0.5,0
190,500,100,0.5,8,0.3,0.5,0
191,500,100,0.5,8,0.3,0.5,0
192,500,100,0.5,8,0.3,0.5,0
193,500,100,0.5,8,0.3,0.5,0
194,500,100,0.5,8,0.3,0.5,0
195,500,100,0.5,8,0.3,0.5,0
196,500,100,0.5,8,0.3,0.5,0
197,500,100,0.5,8,0.3,0.5,0
198,500,100,0.5,8,0.3,0.5,0
199,500,100,0.5,8,0.3,0.5,0
200,500,100,0.5,8,0.3,0.5,0
201,500,100,0.5,8,0.3,0.75,0
202,500,100,0.5,8,0.3,0.75,0
203,500,100,0.5,8,0.3,0.75,0
204,500,100,0.5,8,0.3,0.75,0
205,500,100,0.5,8,0.3,0.75,0
206,500,100,0.5,8,0.3,0.75,0
207,500,100,0.5,8,0.3,0.75,0
208,500,100,0.5,8,0.3,0.75,0
209,500,100,0.5,8,0.3,0.75,0
210,500,100,0.5,8,0.3,0.75,0
211,500,100,0.5,8,0.3,0.75,0
212,500,100,0.5,8,0.3,0.75,0
213,500,100,0.5,8,0.3,0.75,0
214,500,100,0.5,8,0.3,0.75,0
215,500,100,0.5,8,0.3,0.75,0
216,500,100,0.5,8,0.3,0.75,0
217,500,100,0.5,8,0.3,0.75,0
218,500,100,0.5,8,0.3,0.75,0
219,500,100,0.5,8,0.3,0.75,0
220,500,100,0.5,8,0.3,0.75,0
221,500,100,0.5,8,0.3,0.75,0
222,500,100,0.5,8,0.3,0.75,0
223,500,100,0.5,8,0.3,0.75,0
224,500,100,0.5,8,0.3,0.75,0
225,500,100,0.5,8,0.3,0.75,0
226,500,100,0.5,8,0.3,0.75,0
227,500,100,0.5,8,0.3,0.75,0
228,500,100,0.5,8,0.3,0.75,0
229,500,100,0.5,8,0.3,0.75,0
230,500,100,0.5,8,0.3,0.75,0
231,500,100,0.5,8,0.3,0.75,0
232,500,100,0.5,8,0.3,0.75,0
233,500,100,0.5,8,0.3,0.75,0
234,500,100,0.5,8,0.3,0.75,0
235,500,100,0.5,8,0.3,0.75,0
236,500,100,0.5,8,0.3,0.75,0
237,500,100,0.5,8,0.3,0.75,0
238,500,100,0.5,8,0.3,0.75,0
239,500,100,0.5,8,0.3,0.75,0
240,500,100,0.5,8,0.3,0.75,0
241,500,100,0.5,12,0.3,0.25,0
242,500,100,0.5,12,0.3,0.25,0
243,500,100,0.5,12,0.3,0.25,0
244,500,100,0.5,12,0.3,0.25,0
245,500,100,0.5,12,0.3,0.25,0
246,500,100,0.5,12,0.3,0.25,0
247,500,100,0.5,12,0.3,0.25,0
248,500,100,0.5,12,0.3,0.25,0
249,500,100,0.5,12,0.3,0.25,0
250,500,100,0.5,12,0.3,0.25,0
251,500,100,0.5,12,0.3,0.25,0
252,500,100,0.5,12,0.3,0.25,0
253,500,100,0.5,12,0.3,0.25,0
254,500,100,0.5,12,0.3,0.25,0
255,500,100,0.5,12,0.3,0.25,0
256,500,100,0.5,12,0.3,0.25,0
257,500,100,0.5,12,0.3,0.25,0
258,500,100,0.5,12,0.3,0.25,0
259,500,100,0.5,12,0.3,0.25,0
260,500,100,0.5,12,0.3,0.25,0
261,500,100,0.5,12,0.3,0.25,0
262,500,100,0.5,12,0.3,0.25,0
263,500,100,0.5,12,0.3,0.25,0
264,500,100,0.5,12,0.3,0.25,0
265,500,100,0.5,12,0.3,0.25,0
266,500,100,0.5,12,0.3,0.25,0
267,500,100,0.5,12,0.3,0.25,0
268,500,100,0.5,12,0.3,0.25,0
269,500,100,0.5,12,0.3,0.25,0
270,500,100,0.5,12,0.3,0.25,0
271,500,100,0.5,12,0.3,0.25,0
272,500,100,0.5,12,0.3,0.25,0
273,500,100,0.5,12,0.3,0.25,0
274,500,100,0.5,12,0.3,0.25,0
275,500,100,0.5,12,0.3,0.25,0
276,500,100,0.5,12,0.3,0.25,0
277,500,100,0.5,12,0.3,0.25,0
278,500,100,0.5,12,0.3,0.25,0
279,500,100,0.5,12,0.3,0.25,0
280,500,100,0.5,12,0.3,0.25,0
281,500,100,0.5,12,0.3,0.5,0
282,500,100,0.5,12,0.3,0.5,0
283,500,100,0.5,12,0.3,0.5,0
284,500,100,0.5,12,0.3,0.5,0
285,500,100,0.5,12,0.3,0.5,0
286,500,100,0.5,12,0.3,0.5,0
287,500,100,0.5,12,0.3,0.5,0
288,500,100,0.5,12,0.3,0.5,0
289,500,100,0.5,12,0.3,0.5,0
290,500,100,0.5,12,0.3,0.5,0
291,500,100,0.5,12,0.3,0.5,0
292,500,100,0.5,12,0.3,0.5,0
293,500,100,0.5,12,0.3,0.5,0
294,500,100,0.5,12,0.3,0.5,0
295,500,100,0.5,12,0.3,0.5,0
296,500,100,0.5,12,0.3,0.5,0
297,500,100,0.5,12,0.3,0.5,0
298,500,100,0.5,12,0.3,0.5,0
299,500,100,0.5,12,0.3,0.5,0
300,500,100,0.5,12,0.3,0.5,0
301,500,100,0.5,12,0.3,0.5,0
302,500,100,0.5,12,0.3,0.5,0
303,500,100,0.5,12,0.3,0.5,0
304,500,100,0.5,12,0.3,0.5,0
305,500,100,0.5,12,0.3,0.5,0
306,500,100,0.5,12,0.3,0.5,0
307,500,100,0.5,12,0.3,0.5,0
308,500,100,0.5,12,0.3,0.5,0
309,500,100,0.5,12,0.3,0.5,0
310,500,100,0.5,12,0.3,0.5,0
311,500,100,0.5,12,0.3,0.5,0
312,500,100,0.5,12,0.3,0.5,0
313,500,100,0.5,12,0.3,0.5,0
314,500,100,0.5,12,0.3,0.5,0
315,500,100,0.5,12,0.3,0.5,0
316,500,100,0.5,12,0.3,0.5,0
317,500,100,0.5,12,0.3,0.5,0
318,500,100,0.5,12,0.3,0.5,0
319,500,100,0.5,12,0.3,0.5,0
320,500,100,0.5,12,0.3,0.5,0
321,500,100,0.5,12,0.3,0.75,0
322,500,100,0.5,12,0.3,0.75,0
323,500,100,0.5,12,0.3,0.75,0
324,500,100,0.5,12,0.3,0.75,0
325,500,100,0.5,12,0.3,0.75,0
326,500,100,0.5,12,0.3,0.75,0
327,500,100,0.5,12,0.3,0.75,0
328,500,100,0.5,12,0.3,0.75,0
329,500,100,0.5,12,0.3,0.75,0
330,500,100,0.5,12,0.3,0.75,0
331,500,100,0.5,12,0.3,0.75,0
332,500,100,0.5,12,0.3,0.75,0
333,500,100,0.5,12,0.3,0.75,0
334,500,100,0.5,12,0.3,0.75,0
335,500,100,0.5,12,0.3,0.75,0
336,500,100,0.5,12,0.3,0.75,0
337,500,100,0.5,12,0.3,0.75,0
338,500,100,0.5,12,0.3,0.75,0
339,500,100,0.5,12,0.3,0.75,0
340,500,100,0.5,12,0.3,0.75,0
341,500,100,0.5,12,0.3,0.75,0
342,500,100,0.5,12,0.3,0.75,0
343,500,100,0.5,12,0.3,0.75,0
344,500,100,0.5,12,0.3,0.75,0
345,500,100,0.5,12,0.3,0.75,0
346,500,100,0.5,12,0.3,0.75,0
347,500,100,0.5,12,0.3,0.75,0
348,500,100,0.5,12,0.3,0.75,0
349,500,100,0.5,12,0.3,0.75,0
350,500,100,0.5,12,0.3,0.75,0
351,500,100,0.5,12,0.3,0.75,0
352,500,100,0.5,12,0.3,0.75,0
353,500,100,0.5,12,0.3,0.75,0
354,500,100,0.5,12,0.3,0.75,0
355,500,100,0.5,12,0.3,0.75,0
356,500,100,0.5,12,0.3,0.75,0
357,500,100,0.5,12,0.3,0.75,0
358,500,100,0.5,12,0.3,0.75,0
359,500,100,0.5,12,0.3,0.75,0
360,500,100,0.5,12,0.3,0.75,0
361,500,200,0.5,4,0.3,0.25,0
362,500,200,0.5,4,0.3,0.25,0
363,500,200,0.5,4,0.3,0.25,0
364,500,200,0.5,4,0.3,0.25,0
365,500,200,0.5,4,0.3,0.25,0
366,500,200,0.5,4,0.3,0.25,0
367,500,200,0.5,4,0.3,0.25,0
368,500,200,0.5,4,0.3,0.25,0
369,500,200,0.5,4,0.3,0.25,0
370,500,200,0.5,4,0.3,0.25,0
371,500,200,0.5,4,0.3,0.25,0
372,500,200,0.5,4,0.3,0.25,0
373,500,200,0.5,4,0.3,0.25,0
374,500,200,0.5,4,0.3,0.25,0
375,500,200,0.5,4,0.3,0.25,0
376,500,200,0.5,4,0.3,0.25,0
377,500,200,0.5,4,0.3,0.25,0
378,500,200,0.5,4,0.3,0.25,0
379,500,200,0.5,4,0.3,0.25,0
380,500,200,0.5,4,0.3,0.25,0
381,500,200,0.5,4,0.3,0.25,0
382,500,200,0.5,4,0.3,0.25,0
383,500,200,0.5,4,0.3,0.25,0
384,500,200,0.5,4,0.3,0.25,0
385,500,200,0.5,4,0.3,0.25,0
386,500,200,0.5,4,0.3,0.25,0
387,500,200,0.5,4,0.3,0.25,0
388,500,200,0.5,4,0.3,0.25,0
389,500,200,0.5,4,0.3,0.25,0
390,500,200,0.5,4,0.3,0.25,0
391,500,200,0.5,4,0.3,0.25,0
392,500,200,0.5,4,0.3,0.25,0
393,500,200,0.5,4,0.3,0.25,0
394,500,200,0.5,4,0.3,0.25,0
395,500,200,0.5,4,0.3,0.25,0
396,500,200,0.5,4,0.3,0.25,0
397,500,200,0.5,4,0.3,0.25,0
398,500,200,0.5,4,0.3,0.25,0
399,500,200,0.5,4,0.3,0.25,0
400,500,200,0.5,4,0.3,0.25,0
401,500,200,0.5,4,0.3,0.5,0
402,500,200,0.5,4,0.3,0.5,0
403,500,200,0.5,4,0.3,0.5,0
404,500,200,0.5,4,0.3,0.5,0
405,500,200,0.5,4,0.3,0.5,0
406,500,200,0.5,4,0.3,0.5,0
407,500,200,0.5,4,0.3,0.5,0
408,500,200,0.5,4,0.3,0.5,0
409,500,200,0.5,4,0.3,0.5,0
410,500,200,0.5,4,0.3,0.5,0
411,500,200,0.5,4,0.3,0.5,0
412,500,200,0.5,4,0.3,0.5,0
413,500,200,0.5,4,0.3,0.5,0
414,500,200,0.5,4,0.3,0.5,0
415,500,200,0.5,4,0.3,0.5,0
416,500,200,0.5,4,0.3,0.5,0
417,500,200,0.5,4,0.3,0.5,0
418,500,200,0.5,4,0.3,0.5,0
419,500,200,0.5,4,0.3,0.5,0
420,500,200,0.5,4,0.3,0.5,0
421,500,200,0.5,4,0.3,0.5,0
422,500,200,0.5,4,0.3,0.5,0
423,500,200,0.5,4,0.3,0.5,0
424,500,200,0.5,4,0.3,0.5,0
425,500,200,0.5,4,0.3,0.5,0
426,500,200,0.5,4,0.3,0.5,0
427,500,200,0.5,4,0.3,0.5,0
428,500,200,0.5,4,0.3,0.5,0
429,500,200,0.5,4,0.3,0.5,0
430,500,200,0.5,4,0.3,0.5,0
431,500,200,0.5,4,0.3,0.5,0
432,500,200,0.5,4,0.3,0.5,0
433,500,200,0.5,4,0.3,0.5,0
434,500,200,0.5,4,0.3,0.5,0
435,500,200,0.5,4,0.3,0.5,0
436,500,200,0.5,4,0.3,0.5,0
437,500,200,0.5,4,0.3,0.5,0
438,500,200,0.5,4,0.3,0.5,0
439,500,200,0.5,4,0.3,0.5,0
440,500,200,0.5,4,0.3,0.5,0
441,500,200,0.5,4,0.3,0.75,0
442,500,200,0.5,4,0.3,0.75,0
443,500,200,0.5,4,0.3,0.75,0
444,500,200,0.5,4,0.3,0.75,0
445,500,200,0.5,4,0.3,0.75,0
446,500,200,0.5,4,0.3,0.75,0
447,500,200,0.5,4,0.3,0.75,0
448,500,200,0.5,4,0.3,0.75,0
449,500,200,0.5,4,0.3,0.75,0
450,500,200,0.5,4,0.3,0.75,0
451,500,200,0.5,4,0.3,0.75,0
452,500,200,0.5,4,0.3,0.75,0
453,500,200,0.5,4,0.3,0.75,0
454,500,200,0.5,4,0.3,0.75,0
455,500,200,0.5,4,0.3,0.75,0
456,500,200,0.5,4,0.3,0.75,0
457,500,200,0.5,4,0.3,0.75,0
458,500,200,0.5,4,0.3,0.75,0
459,500,200,0.5,4,0.3,0.75,0
460,500,200,0.5,4,0.3,0.75,0
461,500,200,0.5,4,0.3,0.75,0
462,500,200,0.5,4,0.3,0.75,0
463,500,200,0.5,4,0.3,0.75,0
464,500,200,0.5,4,0.3,0.75,0
465,500,200,0.5,4,0.3,0.75,0
466,500,200,0.5,4,0.3,0.75,0
467,500,200,0.5,4,0.3,0.75,0
468,500,200,0.5,4,0.3,0.75,0
469,500,200,0.5,4,0.3,0.75,0
470,500,200,0.5,4,0.3,0.75,0
471,500,200,0.5,4,0.3,0.75,0
472,500,200,0.5,4,0.3,0.75,0
473,500,200,0.5,4,0.3,0.75,0
474,500,200,0.5,4,0.3,0.75,0
475,500,200,0.5,4,0.3,0.75,0
476,500,200,0.5,4,0.3,0.75,0
477,500,200,0.5,4,0.3,0.75,0
478,500,200,0.5,4,0.3,0.75,0
479,500,200,0.5,4,0.3,0.75,0
480,500,200,0.5,4,0.3,0.75,0
481,500,200,0.5,8,0.3,0.25,0
482,500,200,0.5,8,0.3,0.25,0
483,500,200,0.5,8,0.3,0.25,0
484,500,200,0.5,8,0.3,0.25,0
485,500,200,0.5,8,0.3,0.25,0
486,500,200,0.5,8,0.3,0.25,0
487,500,200,0.5,8,0.3,0.25,0
488,500,200,0.5,8,0.3,0.25,0
489,500,200,0.5,8,0.3,0.25,0
490,500,200,0.5,8,0.3,0.25,0
491,500,200,0.5,8,0.3,0.25,0
492,500,200,0.5,8,0.3,0.25,0
493,500,200,0.5,8,0.3,0.25,0
494,500,200,0.5,8,0.3,0.25,0
495,500,200,0.5,8,0.3,0.25,0
496,500,200,0.5,8,0.3,0.25,0
497,500,200,0.5,8,0.3,0.25,0
498,500,200,0.5,8,0.3,0.25,0
499,500,200,0.5,8,0.3,0.25,0
500,500,200,0.5,8,0.3,0.25,0
501,500,200,0.5,8,0.3,0.25,0
502,500,200,0.5,8,0.3,0.25,0
503,500,200,0.5,8,0.3,0.25,0
504,500,200,0.5,8,0.3,0.25,0
505,500,200,0.5,8,0.3,0.25,0
506,500,200,0.5,8,0.3,0.25,0
507,500,200,0.5,8,0.3,0.25,0
508,500,200,0.5,8,0.3,0.25,0
509,500,200,0.5,8,0.3,0.25,0
510,500,200,0.5,8,0.3,0.25,0
511,500,200,0.5,8,0.3,0.25,0
512,500,200,0.5,8,0.3,0.25,0
513,500,200,0.5,8,0.3,0.25,0
514,500,200,0.5,8,0.3,0.25,0
515,500,200,0.5,8,0.3,0.25,0
516,500,200,0.5,8,0.3,0.25,0
517,500,200,0.5,8,0.3,0.25,0
518,500,200,0.5,8,0.3,0.25,0
519,500,200,0.5,8,0.3,0.25,0
520,500,200,0.5,8,0.3,0.25,0
521,500,200,0.5,8,0.3,0.5,0
522,500,200,0.5,8,0.3,0.5,0
523,500,200,0.5,8,0.3,0.5,0
524,500,200,0.5,8,0.3,0.5,0
525,500,200,0.5,8,0.3,0.5,0
526,500,200,0.5,8,0.3,0.5,0
527,500,200,0.5,8,0.3,0.5,0
528,500,200,0.5,8,0.3,0.5,0
529,500,200,0.5,8,0.3,0.5,0
530,500,200,0.5,8,0.3,0.5,0
531,500,200,0.5,8,0.3,0.5,0
532,500,200,0.5,8,0.3,0.5,0
533,500,200,0.5,8,0.3,0.5,0
534,500,200,0.5,8,0.3,0.5,0
535,500,200,0.5,8,0.3,0.5,0
536,500,200,0.5,8,0.3,0.5,0
537,500,200,0.5,8,0.3,0.5,0
538,500,200,0.5,8,0.3,0.5,0
539,500,200,0.5,8,0.3,0.5,0
540,500,200,0.5,8,0.3,0.5,0
541,500,200,0.5,8,0.3,0.5,0
542,500,200,0.5,8,0.3,0.5,0
543,500,200,0.5,8,0.3,0.5,0
544,500,200,0.5,8,0.3,0.5,0
545,500,200,0.5,8,0.3,0.5,0
546,500,200,0.5,8,0.3,0.5,0
547,500,200,0.5,8,0.3,0.5,0
548,500,200,0.5,8,0.3,0.5,0
549,500,200,0.5,8,0.3,0.5,0
550,500,200,0.5,8,0.3,0.5,0
551,500,200,0.5,8,0.3,0.5,0
552,500,200,0.5,8,0.3,0.5,0
553,500,200,0.5,8,0.3,0.5,0
554,500,200,0.5,8,0.3,0.5,0
555,500,200,0.5,8,0.3,0.5,0
556,500,200,0.5,8,0.3,0.5,0
557,500,200,0.5,8,0.3,0.5,0
558,500,200,0.5,8,0.3,0.5,0
559,500,200,0.5,8,0.3,0.5,0
560,500,200,0.5,8,0.3,0.5,0
561,500,200,0.5,8,0.3,0.75,0
562,500,200,0.5,8,0.3,0.75,0
563,500,200,0.5,8,0.3,0.75,0
564,500,200,0.5,8,0.3,0.75,0
565,500,200,0.5,8,0.3,0.75,0
566,500,200,0.5,8,0.3,0.75,0
567,500,200,0.5,8,0.3,0.75,0
568,500,200,0.5,8,0.3,0.75,0
569,500,200,0.5,8,0.3,0.75,0
570,500,200,0.5,8,0.3,0.75,0
571,500,200,0.5,8,0.3,0.75,0
572,500,200,0.5,8,0.3,0.75,0
573,500,200,0.5,8,0.3,0.75,0
574,500,200,0.5,8,0.3,0.75,0
575,500,200,0.5,8,0.3,0.75,0
576,500,200,0.5,8,0.3,0.75,0
577,500,200,0.5,8,0.3,0.75,0
578,500,200,0.5,8,0.3,0.75,0
579,500,200,0.5,8,0.3,0.75,0
580,500,200,0.5,8,0.3,0.75,0
581,500,200,0.5,8,0.3,0.75,0
582,500,200,0.5,8,0.3,0.75,0
583,500,200,0.5,8,0.3,0.75,0
584,500,200,0.5,8,0.3,0.75,0
585,500,200,0.5,8,0.3,0.75,0
586,500,200,0.5,8,0.3,0.75,0
587,500,200,0.5,8,0.3,0.75,0
588,500,200,0.5,8,0.3,0.75,0
589,500,200,0.5,8,0.3,0.75,0
590,500,200,0.5,8,0.3,0.75,0
591,500,200,0.5,8,0.3,0.75,0
592,500,200,0.5,8,0.3,0.75,0
593,500,200,0.5,8,0.3,0.75,0
594,500,200,0.5,8,0.3,0.75,0
595,500,200,0.5,8,0.3,0.75,0
596,500,200,0.5,8,0.3,0.75,0
597,500,200,0.5,8,0.3,0.75,0
598,500,200,0.5,8,0.3,0.75,0
599,500,200,0.5,8,0.3,0.75,0
600,500,200,0.5,8,0.3,0.75,0
601,500,200,0.5,12,0.3,0.25,0
602,500,200,0.5,12,0.3,0.25,0
603,500,200,0.5,12,0.3,0.25,0
604,500,200,0.5,12,0.3,0.25,0
605,500,200,0.5,12,0.3,0.25,0
606,500,200,0.5,12,0.3,0.25,0
607,500,200,0.5,12,0.3,0.25,0
608,500,200,0.5,12,0.3,0.25,0
609,500,200,0.5,12,0.3,0.25,0
610,500,200,0.5,12,0.3,0.25,0
611,500,200,0.5,12,0.3,0.25,0
612,500,200,0.5,12,0.3,0.25,0
613,500,200,0.5,12,0.3,0.25,0
614,500,200,0.5,12,0.3,0.25,0
615,500,200,0.5,12,0.3,0.25,0
616,500,200,0.5,12,0.3,0.25,0
617,500,200,0.5,12,0.3,0.25,0
618,500,200,0.5,12,0.3,0.25,0
619,500,200,0.5,12,0.3,0.25,0
620,500,200,0.5,12,0.3,0.25,0
621,500,200,0.5,12,0.3,0.25,0
622,500,200,0.5,12,0.3,0.25,0
623,500,200,0.5,12,0.3,0.25,0
624,500,200,0.5,12,0.3,0.25,0
625,500,200,0.5,12,0.3,0.25,0
626,500,200,0.5,12,0.3,0.25,0
627,500,200,0.5,12,0.3,0.25,0
628,500,200,0.5,12,0.3,0.25,0
629,500,200,0.5,12,0.3,0.25,0
630,500,200,0.5,12,0.3,0.25,0
631,500,200,0.5,12,0.3,0.25,0
632,500,200,0.5,12,0.3,0.25,0
633,500,200,0.5,12,0.3,0.25,0
634,500,200,0.5,12,0.3,0.25,0
635,500,200,0.5,12,0.3,0.25,0
636,500,200,0.5,12,0.3,0.25,0
637,500,200,0.5,12,0.3,0.25,0
638,500,200,0.5,12,0.3,0.25,0
639,500,200,0.5,12,0.3,0.25,0
640,500,200,0.5,12,0.3,0.25,0
641,500,200,0.5,12,0.3,0.5,0
642,500,200,0.5,12,0.3,0.5,0
643,500,200,0.5,12,0.3,0.5,0
644,500,200,0.5,12,0.3,0.5,0
645,500,200,0.5,12,0.3,0.5,0
646,500,200,0.5,12,0.3,0.5,0
647,500,200,0.5,12,0.3,0.5,0
648,500,200,0.5,12,0.3,0.5,0
649,500,200,0.5,12,0.3,0.5,0
650,500,200,0.5,12,0.3,0.5,0
651,500,200,0.5,12,0.3,0.5,0
652,500,200,0.5,12,0.3,0.5,0
653,500,200,0.5,12,0.3,0.5,0
654,500,200,0.5,12,0.3,0.5,0
655,500,200,0.5,12,0.3,0.5,0
656,500,200,0.5,12,0.3,0.5,0
657,500,200,0.5,12,0.3,0.5,0
658,500,200,0.5,12,0.3,0.5,0
659,500,200,0.5,12,0.3,0.5,0
660,500,200,0.5,12,0.3,0.5,0
661,500,200,0.5,12,0.3,0.5,0
662,500,200,0.5,12,0.3,0.5,0
663,500,200,0.5,12,0.3,0.5,0
664,500,200,0.5,12,0.3,0.5,0
665,500,200,0.5,12,0.3,0.5,0
666,500,200,0.5,12,0.3,0.5,0
667,500,200,0.5,12,0.3,0.5,0
668,500,200,0.5,12,0.3,0.5,0
669,500,200,0.5,12,0.3,0.5,0
670,500,200,0.5,12,0.3,0.5,0
671,500,200,0.5,12,0.3,0.5,0
672,500,200,0.5,12,0.3,0.5,0
673,500,200,0.5,12,0.3,0.5,0
674,500,200,0.5,12,0.3,0.5,0
675,500,200,0.5,12,0.3,0.5,0
676,500,200,0.5,12,0.3,0.5,0
677,500,200,0.5,12,0.3,0.5,0
678,500,200,0.5,12,0.3,0.5,0
679,500,200,0.5,12,0.3,0.5,0
680,500,200,0.5,12,0.3,0.5,0
681,500,200,0.5,12,0.3,0.75,0
682,500,200,0.5,12,0.3,0.75,0
683,500,200,0.5,12,0.3,0.75,0
684,500,200,0.5,12,0.3,0.75,0
685,500,200,0.5,12,0.3,0.75,0
686,500,200,0.5,12,0.3,0.75,0
687,500,200,0.5,12,0.3,0.75,0
688,500,200,0.5,12,0.3,0.75,0
689,500,200,0.5,12,0.3,0.75,0
690,500,200,0.5,12,0.3,0.75,0
691,500,200,0.5,12,0.3,0.75,0
692,500,200,0.5,12,0.3,0.75,0
693,500,200,0.5,12,0.3,0.75,0
694,500,200,0.5,12,0.3,0.75,0
695,500,200,0.5,12,0.3,0.75,0
696,500,200,0.5,12,0.3,0.75,0
697,500,200,0.5,12,0.3,0.75,0
698,500,200,0.5,12,0.3,0.75,0
699,500,200,0.5,12,0.3,0.75,0
700,500,200,0.5,12,0.3,0.75,0
701,500,200,0.5,12,0.3,0.75,0
702,500,200,0.5,12,0.3,0.75,0
703,500,200,0.5,12,0.3,0.75,0
704,500,200,0.5,12,0.3,0.75,0
705,500,200,0.5,12,0.3,0.75,0
706,500,200,0.5,12,0.3,0.75,0
707,500,200,0.5,12,0.3,0.75,0
708,500,200,0.5,12,0.3,0.75,0
709,500,200,0.5,12,0.3,0.75,0
710,500,200,0.5,12,0.3,0.75,0
711,500,200,0.5,12,0.3,0.75,0
712,500,200,0.5,12,0.3,0.75,0
713,500,200,0.5,12,0.3,0.75,0
714,500,200,0.5,12,0.3,0.75,0
715,500,200,0.5,12,0.3,0.75,0
716,500,200,0.5,12,0.3,0.75,0
717,500,200,0.5,12,0.3,0.75,0
718,500,200,0.5,12,0.3,0.75,0
719,500,200,0.5,12,0.3,0.75,0
720,500,200,0.5,12,0.3,0.75,0
721,500,400,0.5,4,0.3,0.25,0
722,500,400,0.5,4,0.3,0.25,0
723,500,400,0.5,4,0.3,0.25,0
724,500,400,0.5,4,0.3,0.25,0
725,500,400,0.5,4,0.3,0.25,0
726,500,400,0.5,4,0.3,0.25,0
727,500,400,0.5,4,0.3,0.25,0
728,500,400,0.5,4,0.3,0.25,0
729,500,400,0.5,4,0.3,0.25,0
730,500,400,0.5,4,0.3,0.25,0
731,500,400,0.5,4,0.3,0.25,0
732,500,400,0.5,4,0.3,0.25,0
733,500,400,0.5,4,0.3,0.25,0
734,500,400,0.5,4,0.3,0.25,0
735,500,400,0.5,4,0.3,0.25,0
736,500,400,0.5,4,0.3,0.25,0
737,500,400,0.5,4,0.3,0.25,0
738,500,400,0.5,4,0.3,0.25,0
739,500,400,0.5,4,0.3,0.25,0
740,500,400,0.5,4,0.3,0.25,0
741,500,400,0.5,4,0.3,0.25,0
742,500,400,0.5,4,0.3,0.25,0
743,500,400,0.5,4,0.3,0.25,0
744,500,400,0.5,4,0.3,0.25,0
745,500,400,0.5,4,0.3,0.25,0
746,500,400,0.5,4,0.3,0.25,0
747,500,400,0.5,4,0.3,0.25,0
748,500,400,0.5,4,0.3,0.25,0
749,500,400,0.5,4,0.3,0.25,0
750,500,400,0.5,4,0.3,0.25,0
751,500,400,0.5,4,0.3,0.25,0
752,500,400,0.5,4,0.3,0.25,0
753,500,400,0.5,4,0.3,0.25,0
754,500,400,0.5,4,0.3,0.25,0
755,500,400,0.5,4,0.3,0.25,0
756,500,400,0.5,4,0.3,0.25,0
757,500,400,0.5,4,0.3,0.25,0
758,500,400,0.5,4,0.3,0.25,0
759,500,400,0.5,4,0.3,0.25,0
760,500,400,0.5,4,0.3,0.25,0
761,500,400,0.5,4,0.3,0.5,0
762,500,400,0.5,4,0.3,0.5,0
763,500,400,0.5,4,0.3,0.5,0
764,500,400,0.5,4,0.3,0.5,0
765,500,400,0.5,4,0.3,0.5,0
766,500,400,0.5,4,0.3,0.5,0
767,500,400,0.5,4,0.3,0.5,0
768,500,400,0.5,4,0.3,0.5,0
769,500,400,0.5,4,0.3,0.5,0
770,500,400,0.5,4,0.3,0.5,0
771,500,400,0.5,4,0.3,0.5,0
772,500,400,0.5,4,0.3,0.5,0
773,500,400,0.5,4,0.3,0.5,0
774,500,400,0.5,4,0.3,0.5,0
775,500,400,0.5,4,0.3,0.5,0
776,500,400,0.5,4,0.3,0.5,0
777,500,400,0.5,4,0.3,0.5,0
778,500,400,0.5,4,0.3,0.5,0
779,500,400,0.5,4,0.3,0.5,0
780,500,400,0.5,4,0.3,0.5,0
781,500,400,0.5,4,0.3,0.5,0
782,500,400,0.5,4,0.3,0.5,0
783,500,400,0.5,4,0.3,0.5,0
784,500,400,0.5,4,0.3,0.5,0
785,500,400,0.5,4,0.3,0.5,0
786,500,400,0.5,4,0.3,0.5,0
787,500,400,0.5,4,0.3,0.5,0
788,500,400,0.5,4,0.3,0.5,0
789,500,400,0.5,4,0.3,0.5,0
790,500,400,0.5,4,0.3,0.5,0
791,500,400,0.5,4,0.3,0.5,0
792,500,400,0.5,4,0.3,0.5,0
793,500,400,0.5,4,0.3,0.5,0
794,500,400,0.5,4,0.3,0.5,0
795,500,400,0.5,4,0.3,0.5,0
796,500,400,0.5,4,0.3,0.5,0
797,500,400,0.5,4,0.3,0.5,0
798,500,400,0.5,4,0.3,0.5,0
799,500,400,0.5,4,0.3,0.5,0
800,500,400,0.5,4,0.3,0.5,0
801,500,400,0.5,4,0.3,0.75,0
802,500,400,0.5,4,0.3,0.75,0
803,500,400,0.5,4,0.3,0.75,0
804,500,400,0.5,4,0.3,0.75,0
805,500,400,0.5,4,0.3,0.75,0
806,500,400,0.5,4,0.3,0.75,0
807,500,400,0.5,4,0.3,0.75,0
808,500,400,0.5,4,0.3,0.75,0
809,500,400,0.5,4,0.3,0.75,0
810,500,400,0.5,4,0.3,0.75,0
811,500,400,0.5,4,0.3,0.75,0
812,500,400,0.5,4,0.3,0.75,0
813,500,400,0.5,4,0.3,0.75,0
814,500,400,0.5,4,0.3,0.75,0
815,500,400,0.5,4,0.3,0.75,0
816,500,400,0.5,4,0.3,0.75,0
817,500,400,0.5,4,0.3,0.75,0
818,500,400,0.5,4,0.3,0.75,0
819,500,400,0.5,4,0.3,0.75,0
820,500,400,0.5,4,0.3,0.75,0
821,500,400,0.5,4,0.3,0.75,0
822,500,400,0.5,4,0.3,0.75,0
823,500,400,0.5,4,0.3,0.75,0
824,500,400,0.5,4,0.3,0.75,0
825,500,400,0.5,4,0.3,0.75,0
826,500,400,0.5,4,0.3,0.75,0
827,500,400,0.5,4,0.3,0.75,0
828,500,400,0.5,4,0.3,0.75,0
829,500,400,0.5,4,0.3,0.75,0
830,500,400,0.5,4,0.3,0.75,0
831,500,400,0.5,4,0.3,0.75,0
832,500,400,0.5,4,0.3,0.75,0
833,500,400,0.5,4,0.3,0.75,0
834,500,400,0.5,4,0.3,0.75,0
835,500,400,0.5,4,0.3,0.75,0
836,500,400,0.5,4,0.3,0.75,0
837,500,400,0.5,4,0.3,0.75,0
838,500,400,0.5,4,0.3,0.75,0
839,500,400,0.5,4,0.3,0.75,0
840,500,400,0.5,4,0.3,0.75,0
841,500,400,0.5,8,0.3,0.25,0
842,500,400,0.5,8,0.3,0.25,0
843,500,400,0.5,8,0.3,0.25,0
844,500,400,0.5,8,0.3,0.25,0
845,500,400,0.5,8,0.3,0.25,0
846,500,400,0.5,8,0.3,0.25,0
847,500,400,0.5,8,0.3,0.25,0
848,500,400,0.5,8,0.3,0.25,0
849,500,400,0.5,8,0.3,0.25,0
850,500,400,0.5,8,0.3,0.25,0
851,500,400,0.5,8,0.3,0.25,0
852,500,400,0.5,8,0.3,0.25,0
853,500,400,0.5,8,0.3,0.25,0
854,500,400,0.5,8,0.3,0.25,0
855,500,400,0.5,8,0.3,0.25,0
856,500,400,0.5,8,0.3,0.25,0
857,500,400,0.5,8,0.3,0.25,0
858,500,400,0.5,8,0.3,0.25,0
859,500,400,0.5,8,0.3,0.25,0
860,500,400,0.5,8,0.3,0.25,0
861,500,400,0.5,8,0.3,0.25,0
862,500,400,0.5,8,0.3,0.25,0
863,500,400,0.5,8,0.3,0.25,0
864,500,400,0.5,8,0.3,0.25,0
865,500,400,0.5,8,0.3,0.25,0
866,500,400,0.5,8,0.3,0.25,0
867,500,400,0.5,8,0.3,0.25,0
868,500,400,0.5,8,0.3,0.25,0
869,500,400,0.5,8,0.3,0.25,0
870,500,400,0.5,8,0.3,0.25,0
871,500,400,0.5,8,0.3,0.25,0
872,500,400,0.5,8,0.3,0.25,0
873,500,400,0.5,8,0.3,0.25,0
874,500,400,0.5,8,0.3,0.25,0
875,500,400,0.5,8,0.3,0.25,0
876,500,400,0.5,8,0.3,0.25,0
877,500,400,0.5,8,0.3,0.25,0
878,500,400,0.5,8,0.3,0.25,0
879,500,400,0.5,8,0.3,0.25,0
880,500,400,0.5,8,0.3,0.25,0
881,500,400,0.5,8,0.3,0.5,0
882,500,400,0.5,8,0.3,0.5,0
883,500,400,0.5,8,0.3,0.5,0
884,500,400,0.5,8,0.3,0.5,0
885,500,400,0.5,8,0.3,0.5,0
886,500,400,0.5,8,0.3,0.5,0
887,500,400,0.5,8,0.3,0.5,0
888,500,400,0.5,8,0.3,0.5,0
889,500,400,0.5,8,0.3,0.5,0
890,500,400,0.5,8,0.3,0.5,0
891,500,400,0.5,8,0.3,0.5,0
892,500,400,0.5,8,0.3,0.5,0
893,500,400,0.5,8,0.3,0.5,0
894,500,400,0.5,8,0.3,0.5,0
895,500,400,0.5,8,0.3,0.5,0
896,500,400,0.5,8,0.3,0.5,0
897,500,400,0.5,8,0.3,0.5,0
898,500,400,0.5,8,0.3,0.5,0
899,500,400,0.5,8,0.3,0.5,0
900,500,400,0.5,8,0.3,0.5,0
901,500,400,0.5,8,0.3,0.5,0
902,500,400,0.5,8,0.3,0.5,0
903,500,400,0.5,8,0.3,0.5,0
904,500,400,0.5,8,0.3,0.5,0
905,500,400,0.5,8,0.3,0.5,0
906,500,400,0.5,8,0.3,0.5,0
907,500,400,0.5,8,0.3,0.5,0
908,500,400,0.5,8,0.3,0.5,0
909,500,400,0.5,8,0.3,0.5,0
910,500,400,0.5,8,0.3,0.5,0
911,500,400,0.5,8,0.3,0.5,0
912,500,400,0.5,8,0.3,0.5,0
913,500,400,0.5,8,0.3,0.5,0
914,500,400,0.5,8,0.3,0.5,0
915,500,400,0.5,8,0.3,0.5,0
916,500,400,0.5,8,0.3,0.5,0
917,500,400,0.5,8,0.3,0.5,0
918,500,400,0.5,8,0.3,0.5,0
919,500,400,0.5,8,0.3,0.5,0
920,500,400,0.5,8,0.3,0.5,0
921,500,400,0.5,8,0.3,0.75,0
922,500,400,0.5,8,0.3,0.75,0
923,500,400,0.5,8,0.3,0.75,0
924,500,400,0.5,8,0.3,0.75,0
925,500,400,0.5,8,0.3,0.75,0
926,500,400,0.5,8,0.3,0.75,0
927,500,400,0.5,8,0.3,0.75,0
928,500,400,0.5,8,0.3,0.75,0
929,500,400,0.5,8,0.3,0.75,0
930,500,400,0.5,8,0.3,0.75,0
931,500,400,0.5,8,0.3,0.75,0
932,500,400,0.5,8,0.3,0.75,0
933,500,400,0.5,8,0.3,0.75,0
934,500,400,0.5,8,0.3,0.75,0
935,500,400,0.5,8,0.3,0.75,0
936,500,400,0.5,8,0.3,0.75,0
937,500,400,0.5,8,0.3,0.75,0
938,500,400,0.5,8,0.3,0.75,0
939,500,400,0.5,8,0.3,0.75,0
940,500,400,0.5,8,0.3,0.75,0
941,500,400,0.5,8,0.3,0.75,0
942,500,400,0.5,8,0.3,0.75,0
943,500,400,0.5,8,0.3,0.75,0
944,500,400,0.5,8,0.3,0.75,0
945,500,400,0.5,8,0.3,0.75,0
946,500,400,0.5,8,0.3,0.75,0
947,500,400,0.5,8,0.3,0.75,0
948,500,400,0.5,8,0.3,0.75,0
949,500,400,0.5,8,0.3,0.75,0
950,500,400,0.5,8,0.3,0.75,0
951,500,400,0.5,8,0.3,0.75,0
952,500,400,0.5,8,0.3,0.75,0
953,500,400,0.5,8,0.3,0.75,0
954,500,400,0.5,8,0.3,0.75,0
955,500,400,0.5,8,0.3,0.75,0
956,500,400,0.5,8,0.3,0.75,0
957,500,400,0.5,8,0.3,0.75,0
958,500,400,0.5,8,0.3,0.75,0
959,500,400,0.5,8,0.3,0.75,0
960,500,400,0.5,8,0.3,0.75,0
961,500,400,0.5,12,0.3,0.25,0
962,500,400,0.5,12,0.3,0.25,0
963,500,400,0.5,12,0.3,0.25,0
964,500,400,0.5,12,0.3,0.25,0
965,500,400,0.5,12,0.3,0.25,0
966,500,400,0.5,12,0.3,0.25,0
967,500,400,0.5,12,0.3,0.25,0
968,500,400,0.5,12,0.3,0.25,0
969,500,400,0.5,12,0.3,0.25,0
970,500,400,0.5,12,0.3,0.25,0
971,500,400,0.5,12,0.3,0.25,0
972,500,400,0.5,12,0.3,0.25,0
973,500,400,0.5,12,0.3,0.25,0
974,500,400,0.5,12,0.3,0.25,0
975,500,400,0.5,12,0.3,0.25,0
976,500,400,0.5,12,0.3,0.25,0
977,500,400,0.5,12,0.3,0.25,0
978,500,400,0.5,12,0.3,0.25,0
979,500,400,0.5,12,0.3,0.25,0
980,500,400,0.5,12,0.3,0.25,0
981,500,400,0.5,12,0.3,0.25,0
982,500,400,0.5,12,0.3,0.25,0
983,500,400,0.5,12,0.3,0.25,0
984,500,400,0.5,12,0.3,0.25,0
985,500,400,0.5,12,0.3,0.25,0
986,500,400,0.5,12,0.3,0.25,0
987,500,400,0.5,12,0.3,0.25,0
988,500,400,0.5,12,0.3,0.25,0
989,500,400,0.5,12,0.3,0.25,0
990,500,400,0.5,12,0.3,0.25,0
991,500,400,0.5,12,0.3,0.25,0
992,500,400,0.5,12,0.3,0.25,0
993,500,400,0.5,12,0.3,0.25,0
994,500,400,0.5,12,0.3,0.25,0
995,500,400,0.5,12,0.3,0.25,0
996,500,400,0.5,12,0.3,0.25,0
997,500,400,0.5,12,0.3,0.25,0
998,500,400,0.5,12,0.3,0.25,0
999,500,400,0.5,12,0.3,0.25,0
1000,500,400,0.5,12,0.3,0.25,0
1001,500,400,0.5,12,0.3,0.5,0
1002,500,400,0.5,12,0.3,0.5,0
1003,500,400,0.5,12,0.3,0.5,0
1004,500,400,0.5,12,0.3,0.5,0
1005,500,400,0.5,12,0.3,0.5,0
1006,500,400,0.5,12,0.3,0.5,0
1007,500,400,0.5,12,0.3,0.5,0
1008,500,400,0.5,12,0.3,0.5,0
1009,500,400,0.5,12,0.3,0.5,0
1010,500,400,0.5,12,0.3,0.5,0
1011,500,400,0.5,12,0.3,0.5,0
1012,500,400,0.5,12,0.3,0.5,0
1013,500,400,0.5,12,0.3,0.5,0
1014,500,400,0.5,12,0.3,0.5,0
1015,500,400,0.5,12,0.3,0.5,0
1016,500,400,0.5,12,0.3,0.5,0
1017,500,400,0.5,12,0.3,0.5,0
1018,500,400,0.5,12,0.3,0.5,0
1019,500,400,0.5,12,0.3,0.5,0
1020,500,400,0.5,12,0.3,0.5,0
1021,500,400,0.5,12,0.3,0.5,0
1022,500,400,0.5,12,0.3,0.5,0
1023,500,400,0.5,12,0.3,0.5,0
1024,500,400,0.5,12,0.3,0.5,0
1025,500,400,0.5,12,0.3,0.5,0
1026,500,400,0.5,12,0.3,0.5,0
1027,500,400,0.5,12,0.3,0.5,0
1028,500,400,0.5,12,0.3,0.5,0
1029,500,400,0.5,12,0.3,0.5,0
1030,500,400,0.5,12,0.3,0.5,0
1031,500,400,0.5,12,0.3,0.5,0
1032,500,400,0.5,12,0.3,0.5,0
1033,500,400,0.5,12,0.3,0.5,0
1034,500,400,0.5,12,0.3,0.5,0
1035,500,400,0.5,12,0.3,0.5,0
1036,500,400,0.5,12,0.3,0.5,0
1037,500,400,0.5,12,0.3,0.5,0
1038,500,400,0.5,12,0.3,0.5,0
1039,500,400,0.5,12,0.3,0.5,0
1040,500,400,0.5,12,0.3,0.5,0
1041,500,400,0.5,12,0.3,0.75,0
1042,500,400,0.5,12,0.3,0.75,0
1043,500,400,0.5,12,0.3,0.75,0
1044,500,400,0.5,12,0.3,0.75,0
1045,500,400,0.5,12,0.3,0.75,0
1046,500,400,0.5,12,0.3,0.75,0
1047,500,400,0.5,12,0.3,0.75,0
1048,500,400,0.5,12,0.3,0.75,0
1049,500,400,0.5,12,0.3,0.75,0
1050,500,400,0.5,12,0.3,0.75,0
1051,500,400,0.5,12,0.3,0.75,0
1052,500,400,0.5,12,0.3,0.75,0
1053,500,400,0.5,12,0.3,0.75,0
1054,500,400,0.5,12,0.3,0.75,0
1055,500,400,0.5,12,0.3,0.75,0
1056,500,400,0.5,12,0.3,0.75,0
1057,500,400,0.5,12,0.3,0.75,0
1058,500,400,0.5,12,0.3,0.75,0
1059,500,400,0.5,12,0.3,0.75,0
1060,500,400,0.5,12,0.3,0.75,0
1061,500,400,0.5,12,0.3,0.75,0
1062,500,400,0.5,12,0.3,0.75,0
1063,500,400,0.5,12,0.3,0.75,0
1064,500,400,0.5,12,0.3,0.75,0
1065,500,400,0.5,12,0.3,0.75,0
1066,500,400,0.5,12,0.3,0.75,0
1067,500,400,0.5,12,0.3,0.75,0
1068,500,400,0.5,12,0.3,0.75,0
1069,500,400,0.5,12,0.3,0.75,0
1070,500,400,0.5,12,0.3,0.75,0
1071,500,400,0.5,12,0.3,0.75,0
1072,500,400,0.5,12,0.3,0.75,0
1073,500,400,0.5,12,0.3,0.75,0
1074,500,400,0.5,12,0.3,0.75,0
1075,500,400,0.5,12,0.3,0.75,0
1076,500,400,0.5,12,0.3,0.75,0
1077,500,400,0.5,12,0.3,0.75,0
1078,500,400,0.5,12,0.3,0.75,0
1079,500,400,0.5,12,0.3,0.75,0
1080,500,400,0.5,12,0.3,0.75,0
1081,500,1000,0.5,4,0.3,0.25,0
1082,500,1000,0.5,4,0.3,0.25,0
1083,500,1000,0.5,4,0.3,0.25,0
1084,500,1000,0.5,4,0.3,0.25,0
1085,500,1000,0.5,4,0.3,0.25,0
1086,500,1000,0.5,4,0.3,0.25,0
1087,500,1000,0.5,4,0.3,0.25,0
1088,500,1000,0.5,4,0.3,0.25,0
1089,500,1000,0.5,4,0.3,0.25,0
1090,500,1000,0.5,4,0.3,0.25,0
1091,500,1000,0.5,4,0.3,0.25,0
1092,500,1000,0.5,4,0.3,0.25,0
1093,500,1000,0.5,4,0.3,0.25,0
1094,500,1000,0.5,4,0.3,0.25,0
1095,500,1000,0.5,4,0.3,0.25,0
1096,500,1000,0.5,4,0.3,0.25,0
1097,500,1000,0.5,4,0.3,0.25,0
1098,500,1000,0.5,4,0.3,0.25,0
1099,500,1000,0.5,4,0.3,0.25,0
1100,500,1000,0.5,4,0.3,0.25,0
1101,500,1000,0.5,4,0.3,0.25,0
1102,500,1000,0.5,4,0.3,0.25,0
1103,500,1000,0.5,4,0.3,0.25,0
1104,500,1000,0.5,4,0.3,0.25,0
1105,500,1000,0.5,4,0.3,0.25,0
1106,500,1000,0.5,4,0.3,0.25,0
1107,500,1000,0.5,4,0.3,0.25,0
1108,500,1000,0.5,4,0.3,0.25,0
1109,500,1000,0.5,4,0.3,0.25,0
1110,500,1000,0.5,4,0.3,0.25,0
1111,500,1000,0.5,4,0.3,0.25,0
1112,500,1000,0.5,4,0.3,0.25,0
1113,500,1000,0.5,4,0.3,0.25,0
1114,500,1000,0.5,4,0.3,0.25,0
1115,500,1000,0.5,4,0.3,0.25,0
1116,500,1000,0.5,4,0.3,0.25,0
1117,500,1000,0.5,4,0.3,0.25,0
1118,500,1000,0.5,4,0.3,0.25,0
1119,500,1000,0.5,4,0.3,0.25,0
1120,500,1000,0.5,4,0.3,0.25,0
1121,500,1000,0.5,4,0.3,0.5,0
1122,500,1000,0.5,4,0.3,0.5,0
1123,500,1000,0.5,4,0.3,0.5,0
1124,500,1000,0.5,4,0.3,0.5,0
1125,500,1000,0.5,4,0.3,0.5,0
1126,500,1000,0.5,4,0.3,0.5,0
1127,500,1000,0.5,4,0.3,0.5,0
1128,500,1000,0.5,4,0.3,0.5,0
1129,500,1000,0.5,4,0.3,0.5,0
1130,500,1000,0.5,4,0.3,0.5,0
1131,500,1000,0.5,4,0.3,0.5,0
1132,500,1000,0.5,4,0.3,0.5,0
1133,500,1000,0.5,4,0.3,0.5,0
1134,500,1000,0.5,4,0.3,0.5,0
1135,500,1000,0.5,4,0.3,0.5,0
1136,500,1000,0.5,4,0.3,0.5,0
1137,500,1000,0.5,4,0.3,0.5,0
1138,500,1000,0.5,4,0.3,0.5,0
1139,500,1000,0.5,4,0.3,0.5,0
1140,500,1000,0.5,4,0.3,0.5,0
1141,500,1000,0.5,4,0.3,0.5,0
1142,500,1000,0.5,4,0.3,0.5,0
1143,500,1000,0.5,4,0.3,0.5,0
1144,500,1000,0.5,4,0.3,0.5,0
1145,500,1000,0.5,4,0.3,0.5,0
1146,500,1000,0.5,4,0.3,0.5,0
1147,500,1000,0.5,4,0.3,0.5,0
1148,500,1000,0.5,4,0.3,0.5,0
1149,500,1000,0.5,4,0.3,0.5,0
1150,500,1000,0.5,4,0.3,0.5,0
1151,500,1000,0.5,4,0.3,0.5,0
1152,500,1000,0.5,4,0.3,0.5,0
1153,500,1000,0.5,4,0.3,0.5,0
1154,500,1000,0.5,4,0.3,0.5,0
1155,500,1000,0.5,4,0.3,0.5,0
1156,500,1000,0.5,4,0.3,0.5,0
1157,500,1000,0.5,4,0.3,0.5,0
1158,500,1000,0.5,4,0.3,0.5,0
1159,500,1000,0.5,4,0.3,0.5,0
1160,500,1000,0.5,4,0.3,0.5,0
1161,500,1000,0.5,4,0.3,0.75,0
1162,500,1000,0.5,4,0.3,0.75,0
1163,500,1000,0.5,4,0.3,0.75,0
1164,500,1000,0.5,4,0.3,0.75,0
1165,500,1000,0.5,4,0.3,0.75,0
1166,500,1000,0.5,4,0.3,0.75,0
1167,500,1000,0.5,4,0.3,0.75,0
1168,500,1000,0.5,4,0.3,0.75,0
1169,500,1000,0.5,4,0.3,0.75,0
1170,500,1000,0.5,4,0.3,0.75,0
1171,500,1000,0.5,4,0.3,0.75,0
1172,500,1000,0.5,4,0.3,0.75,0
1173,500,1000,0.5,4,0.3,0.75,0
1174,500,1000,0.5,4,0.3,0.75,0
1175,500,1000,0.5,4,0.3,0.75,0
1176,500,1000,0.5,4,0.3,0.75,0
1177,500,1000,0.5,4,0.3,0.75,0
1178,500,1000,0.5,4,0.3,0.75,0
1179,500,1000,0.5,4,0.3,0.75,0
1180,500,1000,0.5,4,0.3,0.75,0
1181,500,1000,0.5,4,0.3,0.75,0
1182,500,1000,0.5,4,0.3,0.75,0
1183,500,1000,0.5,4,0.3,0.75,0
1184,500,1000,0.5,4,0.3,0.75,0
1185,500,1000,0.5,4,0.3,0.75,0
1186,500,1000,0.5,4,0.3,0.75,0
1187,500,1000,0.5,4,0.3,0.75,0
1188,500,1000,0.5,4,0.3,0.75,0
1189,500,1000,0.5,4,0.3,0.75,0
1190,500,1000,0.5,4,0.3,0.75,0
1191,500,1000,0.5,4,0.3,0.75,0
1192,500,1000,0.5,4,0.3,0.75,0
1193,500,1000,0.5,4,0.3,0.75,0
1194,500,1000,0.5,4,0.3,0.75,0
1195,500,1000,0.5,4,0.3,0.75,0
1196,500,1000,0.5,4,0.3,0.75,0
1197,500,1000,0.5,4,0.3,0.75,0
1198,500,1000,0.5,4,0.3,0.75,0
1199,500,1000,0.5,4,0.3,0.75,0
1200,500,1000,0.5,4,0.3,0.75,0
1201,500,1000,0.5,8,0.3,0.25,0
1202,500,1000,0.5,8,0.3,0.25,0
1203,500,1000,0.5,8,0.3,0.25,0
1204,500,1000,0.5,8,0.3,0.25,0
1205,500,1000,0.5,8,0.3,0.25,0
1206,500,1000,0.5,8,0.3,0.25,0
1207,500,1000,0.5,8,0.3,0.25,0
1208,500,1000,0.5,8,0.3,0.25,0
1209,500,1000,0.5,8,0.3,0.25,0
1210,500,1000,0.5,8,0.3,0.25,0
1211,500,1000,0.5,8,0.3,0.25,0
1212,500,1000,0.5,8,0.3,0.25,0
1213,500,1000,0.5,8,0.3,0.25,0
1214,500,1000,0.5,8,0.3,0.25,0
1215,500,1000,0.5,8,0.3,0.25,0
1216,500,1000,0.5,8,0.3,0.25,0
1217,500,1000,0.5,8,0.3,0.25,0
1218,500,1000,0.5,8,0.3,0.25,0
1219,500,1000,0.5,8,0.3,0.25,0
1220,500,1000,0.5,8,0.3,0.25,0
1221,500,1000,0.5,8,0.3,0.25,0
1222,500,1000,0.5,8,0.3,0.25,0
1223,500,1000,0.5,8,0.3,0.25,0
1224,500,1000,0.5,8,0.3,0.25,0
1225,500,1000,0.5,8,0.3,0.25,0
1226,500,1000,0.5,8,0.3,0.25,0
1227,500,1000,0.5,8,0.3,0.25,0
1228,500,1000,0.5,8,0.3,0.25,0
1229,500,1000,0.5,8,0.3,0.25,0
1230,500,1000,0.5,8,0.3,0.25,0
1231,500,1000,0.5,8,0.3,0.25,0
1232,500,1000,0.5,8,0.3,0.25,0
1233,500,1000,0.5,8,0.3,0.25,0
1234,500,1000,0.5,8,0.3,0.25,0
1235,500,1000,0.5,8,0.3,0.25,0
1236,500,1000,0.5,8,0.3,0.25,0
1237,500,1000,0.5,8,0.3,0.25,0
1238,500,1000,0.5,8,0.3,0.25,0
1239,500,1000,0.5,8,0.3,0.25,0
1240,500,1000,0.5,8,0.3,0.25,0
1241,500,1000,0.5,8,0.3,0.5,0
1242,500,1000,0.5,8,0.3,0.5,0
1243,500,1000,0.5,8,0.3,0.5,0
1244,500,1000,0.5,8,0.3,0.5,0
1245,500,1000,0.5,8,0.3,0.5,0
1246,500,1000,0.5,8,0.3,0.5,0
1247,500,1000,0.5,8,0.3,0.5,0
1248,500,1000,0.5,8,0.3,0.5,0
1249,500,1000,0.5,8,0.3,0.5,0
1250,500,1000,0.5,8,0.3,0.5,0
1251,500,1000,0.5,8,0.3,0.5,0
1252,500,1000,0.5,8,0.3,0.5,0
1253,500,1000,0.5,8,0.3,0.5,0
1254,500,1000,0.5,8,0.3,0.5,0
1255,500,1000,0.5,8,0.3,0.5,0
1256,500,1000,0.5,8,0.3,0.5,0
1257,500,1000,0.5,8,0.3,0.5,0
1258,500,1000,0.5,8,0.3,0.5,0
1259,500,1000,0.5,8,0.3,0.5,0
1260,500,1000,0.5,8,0.3,0.5,0
1261,500,1000,0.5,8,0.3,0.5,0
1262,500,1000,0.5,8,0.3,0.5,0
1263,500,1000,0.5,8,0.3,0.5,0
1264,500,1000,0.5,8,0.3,0.5,0
1265,500,1000,0.5,8,0.3,0.5,0
1266,500,1000,0.5,8,0.3,0.5,0
1267,500,1000,0.5,8,0.3,0.5,0
1268,500,1000,0.5,8,0.3,0.5,0
1269,500,1000,0.5,8,0.3,0.5,0
1270,500,1000,0.5,8,0.3,0.5,0
1271,500,1000,0.5,8,0.3,0.5,0
1272,500,1000,0.5,8,0.3,0.5,0
1273,500,1000,0.5,8,0.3,0.5,0
1274,500,1000,0.5,8,0.3,0.5,0
1275,500,1000,0.5,8,0.3,0.5,0
1276,500,1000,0.5,8,0.3,0.5,0
1277,500,1000,0.5,8,0.3,0.5,0
1278,500,1000,0.5,8,0.3,0.5,0
1279,500,1000,0.5,8,0.3,0.5,0
1280,500,1000,0.5,8,0.3,0.5,0
1281,500,1000,0.5,8,0.3,0.75,0
1282,500,1000,0.5,8,0.3,0.75,0
1283,500,1000,0.5,8,0.3,0.75,0
1284,500,1000,0.5,8,0.3,0.75,0
1285,500,1000,0.5,8,0.3,0.75,0
1286,500,1000,0.5,8,0.3,0.75,0
1287,500,1000,0.5,8,0.3,0.75,0
1288,500,1000,0.5,8,0.3,0.75,0
1289,500,1000,0.5,8,0.3,0.75,0
1290,500,1000,0.5,8,0.3,0.75,0
1291,500,1000,0.5,8,0.3,0.75,0
1292,500,1000,0.5,8,0.3,0.75,0
1293,500,1000,0.5,8,0.3,0.75,0
1294,500,1000,0.5,8,0.3,0.75,0
1295,500,1000,0.5,8,0.3,0.75,0
1296,500,1000,0.5,8,0.3,0.75,0
1297,500,1000,0.5,8,0.3,0.75,0
1298,500,1000,0.5,8,0.3,0.75,0
1299,500,1000,0.5,8,0.3,0.75,0
1300,500,1000,0.5,8,0.3,0.75,0
1301,500,1000,0.5,8,0.3,0.75,0
1302,500,1000,0.5,8,0.3,0.75,0
1303,500,1000,0.5,8,0.3,0.75,0
1304,500,1000,0.5,8,0.3,0.75,0
1305,500,1000,0.5,8,0.3,0.75,0
1306,500,1000,0.5,8,0.3,0.75,0
1307,500,1000,0.5,8,0.3,0.75,0
1308,500,1000,0.5,8,0.3,0.75,0
1309,500,1000,0.5,8,0.3,0.75,0
1310,500,1000,0.5,8,0.3,0.75,0
1311,500,1000,0.5,8,0.3,0.75,0
1312,500,1000,0.5,8,0.3,0.75,0
1313,500,1000,0.5,8,0.3,0.75,0
1314,500,1000,0.5,8,0.3,0.75,0
1315,500,1000,0.5,8,0.3,0.75,0
1316,500,1000,0.5,8,0.3,0.75,0
1317,500,1000,0.5,8,0.3,0.75,0
1318,500,1000,0.5,8,0.3,0.75,0
1319,500,1000,0.5,8,0.3,0.75,0
1320,500,1000,0.5,8,0.3,0.75,0
1321,500,1000,0.5,12,0.3,0.25,0
1322,500,1000,0.5,12,0.3,0.25,0
1323,500,1000,0.5,12,0.3,0.25,0
1324,500,1000,0.5,12,0.3,0.25,0
1325,500,1000,0.5,12,0.3,0.25,0
1326,500,1000,0.5,12,0.3,0.25,0
1327,500,1000,0.5,12,0.3,0.25,0
1328,500,1000,0.5,12,0.3,0.25,0
1329,500,1000,0.5,12,0.3,0.25,0
1330,500,1000,0.5,12,0.3,0.25,0
1331,500,1000,0.5,12,0.3,0.25,0
1332,500,1000,0.5,12,0.3,0.25,0
1333,500,1000,0.5,12,0.3,0.25,0
1334,500,1000,0.5,12,0.3,0.25,0
1335,500,1000,0.5,12,0.3,0.25,0
1336,500,1000,0.5,12,0.3,0.25,0
1337,500,1000,0.5,12,0.3,0.25,0
1338,500,1000,0.5,12,0.3,0.25,0
1339,500,1000,0.5,12,0.3,0.25,0
1340,500,1000,0.5,12,0.3,0.25,0
1341,500,1000,0.5,12,0.3,0.25,0
1342,500,1000,0.5,12,0.3,0.25,0
1343,500,1000,0.5,12,0.3,0.25,0
1344,500,1000,0.5,12,0.3,0.25,0
1345,500,1000,0.5,12,0.3,0.25,0
1346,500,1000,0.5,12,0.3,0.25,0
1347,500,1000,0.5,12,0.3,0.25,0
1348,500,1000,0.5,12,0.3,0.25,0
1349,500,1000,0.5,12,0.3,0.25,0
1350,500,1000,0.5,12,0.3,0.25,0
1351,500,1000,0.5,12,0.3,0.25,0
1352,500,1000,0.5,12,0.3,0.25,0
1353,500,1000,0.5,12,0.3,0.25,0
1354,500,1000,0.5,12,0.3,0.25,0
1355,500,1000,0.5,12,0.3,0.25,0
1356,500,1000,0.5,12,0.3,0.25,0
1357,500,1000,0.5,12,0.3,0.25,0
1358,500,1000,0.5,12,0.3,0.25,0
1359,500,1000,0.5,12,0.3,0.25,0
1360,500,1000,0.5,12,0.3,0.25,0
1361,500,1000,0.5,12,0.3,0.5,0
1362,500,1000,0.5,12,0.3,0.5,0
1363,500,1000,0.5,12,0.3,0.5,0
1364,500,1000,0.5,12,0.3,0.5,0
1365,500,1000,0.5,12,0.3,0.5,0
1366,500,1000,0.5,12,0.3,0.5,0
1367,500,1000,0.5,12,0.3,0.5,0
1368,500,1000,0.5,12,0.3,0.5,0
1369,500,1000,0.5,12,0.3,0.5,0
1370,500,1000,0.5,12,0.3,0.5,0
1371,500,1000,0.5,12,0.3,0.5,0
1372,500,1000,0.5,12,0.3,0.5,0
1373,500,1000,0.5,12,0.3,0.5,0
1374,500,1000,0.5,12,0.3,0.5,0
1375,500,1000,0.5,12,0.3,0.5,0
1376,500,1000,0.5,12,0.3,0.5,0
1377,500,1000,0.5,12,0.3,0.5,0
1378,500,1000,0.5,12,0.3,0.5,0
1379,500,1000,0.5,12,0.3,0.5,0
1380,500,1000,0.5,12,0.3,0.5,0
1381,500,1000,0.5,12,0.3,0.5,0
1382,500,1000,0.5,12,0.3,0.5,0
1383,500,1000,0.5,12,0.3,0.5,0
1384,500,1000,0.5,12,0.3,0.5,0
1385,500,1000,0.5,12,0.3,0.5,0
1386,500,1000,0.5,12,0.3,0.5,0
1387,500,1000,0.5,12,0.3,0.5,0
1388,500,1000,0.5,12,0.3,0.5,0
1389,500,1000,0.5,12,0.3,0.5,0
1390,500,1000,0.5,12,0.3,0.5,0
1391,500,1000,0.5,12,0.3,0.5,0
1392,500,1000,0.5,12,0.3,0.5,0
1393,500,1000,0.5,12,0.3,0.5,0
1394,500,1000,0.5,12,0.3,0.5,0
1395,500,1000,0.5,12,0.3,0.5,0
1396,500,1000,0.5,12,0.3,0.5,0
1397,500,1000,0.5,12,0.3,0.5,0
1398,500,1000,0.5,12,0.3,0.5,0
1399,500,1000,0.5,12,0.3,0.5,0
1400,500,1000,0.5,12,0.3,0.5,0
1401,500,1000,0.5,12,0.3,0.75,0
1402,500,1000,0.5,12,0.3,0.75,0
1403,500,1000,0.5,12,0.3,0.75,0
1404,500,1000,0.5,12,0.3,0.75,0
1405,500,1000,0.5,12,0.3,0.75,0
1406,500,1000,0.5,12,0.3,0.75,0
1407,500,1000,0.5,12,0.3,0.75,0
1408,500,1000,0.5,12,0.3,0.75,0
1409,500,1000,0.5,12,0.3,0.75,0
1410,500,1000,0.5,12,0.3,0.75,0
1411,500,1000,0.5,12,0.3,0.75,0
1412,500,1000,0.5,12,0.3,0.75,0
1413,500,1000,0.5,12,0.3,0.75,0
1414,500,1000,0.5,12,0.3,0.75,0
1415,500,1000,0.5,12,0.3,0.75,0
1416,500,1000,0.5,12,0.3,0.75,0
1417,500,1000,0.5,12,0.3,0.75,0
1418,500,1000,0.5,12,0.3,0.75,0
1419,500,1000,0.5,12,0.3,0.75,0
1420,500,1000,0.5,12,0.3,0.75,0
1421,500,1000,0.5,12,0.3,0.75,0
1422,500,1000,0.5,12,0.3,0.75,0
1423,500,1000,0.5,12,0.3,0.75,0
1424,500,1000,0.5,12,0.3,0.75,0
1425,500,1000,0.5,12,0.3,0.75,0
1426,500,1000,0.5,12,0.3,0.75,0
1427,500,1000,0.5,12,0.3,0.75,0
1428,500,1000,0.5,12,0.3,0.75,0
1429,500,1000,0.5,12,0.3,0.75,0
1430,500,1000,0.5,12,0.3,0.75,0
1431,500,1000,0.5,12,0.3,0.75,0
1432,500,1000,0.5,12,0.3,0.75,0
1433,500,1000,0.5,12,0.3,0.75,0
1434,500,1000,0.5,12,0.3,0.75,0
1435,500,1000,0.5,12,0.3,0.75,0
1436,500,1000,0.5,12,0.3,0.75,0
1437,500,1000,0.5,12,0.3,0.75,0
1438,500,1000,0.5,12,0.3,0.75,0
1439,500,1000,0.5,12,0.3,0.75,0
1440,500,1000,0.5,12,0.3,0.75,0
