y,x,c1,c2,c3,c4,c5,c6,c7,c8,c9,c10,c11,c12,c13,c14,c15,c16,c17,c18,c19,c20
-0.43816352640068956,0,-2.565309027120024,-1.2067897161901107,-0.9569315678032432,-0.30643553772781945,-3.517407164401947,-0.6871190675109115,-0.7800245611733508,-1.0376771418405195,-0.4491621901342307,0.38029886325934903,1.2157971960889034,0.050772622739695517,2.27317962700534,-0.47841218750089437,-0.07119160968969786,0.5106474478813816,-0.07353480353185786,0.7119509374051737,-0.5623466140509481,-0.7703247732045985
-1.3136021762404275,0,-1.5754792160751137,-1.8541418244096843,-0.4832331611243808,-1.2526565470677185,0.21553427834650352,-1.4200226711725583,0.11059694501962627,-1.2804612843879748,-0.9828480557449032,0.33231402864093035,0.27266039312031476,-0.18988678234284317,-1.4685258052588785,1.082809176892208,-0.07977587188363987,1.3364861899746967,0.5120114207516644,-0.5002734622142955,1.2158007518358265,-1.4496623818137135
0.28808177093974563,0,0.2605541150713345,1.3258062200551186,0.08223752615654459,0.7595745985618296,0.6035691135305469,0.8523283428790749,-0.4676410086198227,1.1057714365691942,-0.10911948934986077,0.33184224724680395,-0.7597794430052792,1.42546400802823,-1.6121919876476298,-0.41959513969897644,1.1555133904424024,1.7754839388765298,2.478485636141564,0.13882256534138518,1.5338442505203214,-1.2519974281345878
-0.026278817872726123,0,0.5038098316101498,0.543780742550058,0.6010293930734676,0.14525711327157173,0.2971185954973753,-0.8292799628046257,-0.5153883444041659,2.3992556298574694,0.9886429578769969,0.8908964979930024,-0.16911421130254037,0.1167210455154825,1.715071953863536,-1.106047791378319,-0.82774178785496,-1.607805652576251,0.4480177058173365,-0.9845230059572633,-0.2874806785022204,0.6053958194222837
-0.670474366013494,0,0.9703096521582654,-0.6162021605601328,-0.2814249916008007,0.44187559605467397,-0.1199528561443675,-0.3813317697007573,1.0221751451549612,0.06311751414085413,2.4079462612996916,1.1960201124691192,0.7775140089208968,0.5097219302455492,0.00994045892229007,-1.3091539432653547,-0.9236768785705514,-0.4653748014710254,1.3453767206461729,0.5298466736623506,-0.8389683787066249,0.19796017715396105
-0.13908602445691143,0,0.18221533742250778,-0.017747039957511312,-0.05197151677113809,-1.0514229556886072,-0.06439467468151261,1.7114204103628912,0.10950003217122029,0.472968084073595,-0.2995884319747698,1.9710014977289614,0.24526787759066715,0.3641520887518112,0.1869399661365884,-1.9209739083478534,0.8484388433309284,1.8097296808958858,-1.1520959873183998,0.7225587369402595,0.08927461785199364,0.046014012445711565
0.3071342581018397,0,-0.5569991053444243,0.6401629285440898,0.49641178263483227,0.06338428701212537,0.3170527639396426,1.1684889158264777,-0.36052732050654085,1.0893827788143227,-0.48050422258887365,0.5853226589490441,-1.7712555289734593,-0.43098170843414907,0.16073805381382936,-0.010677141240425047,0.46602213020047,-0.21291430742175288,0.4234444626357372,0.0565851220542264,-1.067300428517943,-0.3054150273771741
0.6984709891873845,0,2.0155737678491303,1.5577295459110085,-0.3871680171551124,0.6130478660824222,1.206243717641338,-0.49545918638520914,-0.41970887991585404,1.0622662862951968,1.853277697618475,0.6930272197345908,-0.1450103150985865,-0.6334295553976477,0.216557104061004,0.0448186921302762,0.07133417276557566,0.6417988017753642,0.6839589710838276,-0.7481757215929559,0.9532864152467376,-1.0517999598323131
-0.21414354130990665,0,-0.10770025696004616,1.1635233033289702,0.39676743718664503,0.2778350908839646,2.0824073379981836,-1.166513266275728,-0.5073199739127365,0.4384843082127902,1.2225678986345059,0.4843294011789618,0.7027628570862995,0.8418496967168931,2.0156160570934727,-1.1145667354635411,-0.22153886990997512,0.07979575284000578,1.3958850553767395,0.6555318120168646,0.06950150112503233,-0.6990068347685342
0.37862090089337,0,-0.43370884578502755,-2.6626237712249137,-0.6418224017983809,1.3660454246187816,0.5225429161184232,-1.142135936577191,-1.028634824019775,-1.3006681154453237,-0.42654018311141545,0.4349067861012647,2.0002149798282365,0.7990768762708595,0.1578496868165369,-0.5160482667392485,-1.0674890714921352,-2.3130762268800202,1.3432461610081718,-0.5508446932655416,1.8428481326541328,-2.0632106895346074
0.20938245378221193,0,0.7981120249952275,-0.43442555920497217,1.9305496781949738,-1.107934190169463,0.8280594106720887,1.5147820251643394,1.2781659281511697,-1.0329529615721125,1.265964168948653,0.033930067803905464,-1.3667450069823455,2.311334890553346,-0.25419350447561084,0.8409707453972457,1.636691597581518,0.29263113924500217,0.5237275532180664,0.18182631602002522,0.15979170879861854,1.014391879022577
0.793897244610611,0,0.5713485803651877,-1.1037161807705516,-0.07730518180259952,1.224381710642681,0.3875615035971699,-1.8490483080873326,-0.1273429292655213,0.009932773819784385,0.7280678845272218,-1.8970372021300907,2.30037207288748,-0.4483543872061264,0.5535487121684981,-0.14164705663037833,0.5463046991582845,-0.3600560203527532,-1.5888408263281522,1.6090403534056652,-0.6374729060881522,-3.353889264985575
-0.32529606895090585,0,-1.1351653043749552,-0.2286599382024465,1.2217579269252599,0.44273808473298404,0.8170853502741418,0.23885448026940292,1.5461837557746283,1.912906611725207,-0.9466211891945603,-1.51094770273872,0.17367401144513905,-0.9494516177123554,-1.4760613297190457,0.37491726888687094,0.5871432044134487,1.1659679712265614,0.12481367135964772,0.20038625410540567,0.17626854919558438,-0.12083647466252423
1.26296069296554,0,0.39239938764779214,1.698411274197702,-0.19197157858833408,0.05141584499681551,-0.05169271055363969,0.5553947227076003,-0.41227610985045615,0.660933655661536,-0.4136803695183172,-1.9214952650124384,0.4459809573062904,0.8179050991478088,-0.45229064708218747,0.6716952811204998,0.1112017071379537,0.46413497227102296,-1.4936871453713711,1.4081302892641967,1.4288497371025861,-1.333768840741423
-1.2822876006673396,0,-0.2534754834138402,-1.5351574345438395,0.3293438567746878,-0.11765959345893731,0.1238986023940738,0.3866665428840128,0.7336866935515647,-0.590172837617899,0.9057020229056054,-0.3869980754970992,0.31832156728730676,0.167197514371804,-0.5442884485565929,-1.35345714466198,-0.7985159463765016,1.9085850867593,-0.9663051392220116,1.8095237841500884,0.22389732184727978,-0.9055576580667675
0.19098574724548195,0,0.5776885648841337,-0.11919014216083298,0.1834806897161757,-0.1270493061160347,-1.2753008617325734,0.880936435457733,0.47081303653249706,-1.4367860909777719,0.963123647509772,-0.6826984070588829,1.6858816394630232,0.4884934367063039,1.2460007848887853,0.8799617689681302,1.3132698176545918,-0.043300390348092806,0.9976408585150668,-1.827688056697302,0.5118896935070613,0.4739434298524504
1.3106289505310151,0,1.0602259126112796,-1.2397657265992121,0.3366138625981629,0.011842819605060312,1.0155263705933584,0.0653886218732289,0.583141356025183,0.45212719676008306,0.1714139983712213,1.2721295071886098,1.1888181997215717,-0.5858142658632778,0.014852826483660302,0.31308422385875,-0.5180099816659337,-0.2539023720026836,-1.6967856995519421,0.030494412640414276,-0.21415366194092772,-0.5893142954435877
-1.8824861813810405,0,-2.0324763443373146,-1.7520526405110002,-1.7829310414202475,-0.23190234961759404,-0.5415151619765084,-1.6867731948806959,0.5895505052648531,-0.10777036240457866,-1.7028313172998681,-0.7705055291802023,0.2543018650062584,-0.7604062672222812,-0.8217624266189288,-0.7724079657106584,1.4285076955633935,1.7206057072487624,-0.21171826883779898,0.28962860683383834,-0.035786136520604576,0.5478545919464528
1.0447236503534583,0,1.187968437149641,1.2535980296189209,-0.28599695276786724,0.9255900469606028,0.6033026102283641,1.369615039238037,1.6033422247421818,1.652127109808206,1.6224944614797991,1.043201091389981,-0.7131406159636182,-1.3580680698479353,0.35140801779479747,-0.22001660392311484,0.07938153656827875,0.02391786952272425,-0.7851511607675776,-0.7646626769349784,-0.19320172636603566,0.3834847678856743
-0.1473693918589069,0,-1.3064183595091343,-1.0366818457065088,-2.3572299517947948,-0.18328667993352274,0.03713291059014357,0.21380700357993868,0.6292054573515704,-0.8693912232629237,-0.9698203876903679,-0.23320387860127714,-0.11750446124998952,-1.0891761611700412,1.6439583630584413,0.995979823370218,1.3705381936000074,0.24822713590190384,0.6702218245715258,-0.5293837893468962,-0.8270237280084702,0.7455138049389016
1.4576131112896595,0,0.9024255490352763,1.6483635480593293,-0.1868754254278695,1.1100548712643896,0.3401479100545305,1.175398681227192,0.13726245386267694,0.7848409262600565,0.9159852088386742,0.45296961160354166,0.2861032396778395,-0.8163626381621185,0.9101859177029146,0.0894697934613263,-0.7394284424997399,0.389221782676088,-0.19411058842610218,0.890997807092169,-0.5364219142142795,-0.4757814873415312
1.16197625636458,0,0.5040566264819386,0.351156710739952,0.5769286523669599,-0.43281506616338566,-0.4147243503012623,0.6502581930589822,1.2982157133406853,1.4423756689045886,-0.6085524326424143,-0.08085312472002869,-1.8948512154045056,0.9131333345436253,0.471034666876923,-0.011686018678513599,0.5401435576614368,-0.49440675026220565,-0.17237829103376895,0.9182755616411032,-0.46877660290871315,0.4070504927672959
-0.6704287118484891,0,1.5508239745607408,0.05598009372854012,0.13514386361192388,0.8474933763909989,0.4011522168594197,-0.6104738924049916,-0.6590881276989379,-0.5104843262002947,-1.2358608602289785,-0.3581004666957783,-1.88477662794546,-0.13399579754019786,-0.13396110784021678,-0.16235339364384138,1.4598836838460443,-1.4079516876399478,-1.2070919382179923,-0.8857004913801766,0.07408233990375834,0.34288872601412757
1.9258886661441803,0,1.0077278035748793,1.6226850605497494,0.5928841612499758,1.1565447591221545,0.1858976932846469,0.9931298598403326,0.1387945073146163,-1.0561416868589615,1.2142329654463309,0.22078559649802565,-0.8139639704965005,0.6665849377084689,0.7174628485795579,0.4399130327722505,-0.48726501623014357,-0.42993363706461074,0.29700120742524855,-0.3474187937142913,-0.5747697717743427,-0.5197753293555655
-2.0412474936920746,0,-0.39403853742333916,-0.38882296301332664,-0.4346072485969169,-0.4827697644416672,0.10934254660268242,-0.857688994347345,-0.44212191533537104,-1.1812993858809624,-0.37563786768375385,-0.054996603661152055,-1.2964861648355854,-0.06108335379745968,0.898259304653981,-0.025336955096379253,-1.066972141410417,0.12337977997159671,-0.41078130269754587,-0.23380788455430088,1.3434572583013271,0.072155017400431
1.5534319831507166,0,-0.1953775372242899,0.8735322862588301,2.650281443233756,2.7517986855177,1.4193387723229387,0.6092959001512906,-0.3212027675514057,1.0064250665248335,0.2823748276928518,-0.17713734753993235,1.3778253463824337,-1.194586889808376,0.28849911808967393,0.8413495314499669,-1.0387051146918453,-0.8654492412268345,-0.35001428648218197,-0.8950392774731055,0.28147648193075375,-0.7095399524007273
-0.7375521280598035,0,-0.5736712373268684,-0.3668139243765745,0.8656306936350752,0.6669366019136523,0.130525744304144,0.5683438618956549,2.220874766360525,-0.580496121475866,-0.37746332827906,-1.169074396013757,-0.7097126506649093,0.3831157008227815,-0.6755800653381778,-0.9467245763516854,-0.3520580731770803,0.24474567632338634,-1.0422606134165633,2.125561670954595,0.041476354179150084,-1.7633618700505864
-1.2056062208847569,0,0.038742626361942034,-1.1594916429917235,-0.23691326837768334,0.8514979957424567,-0.03606276572296967,0.28088641600433245,1.256266975071629,-0.5942708197860602,-0.048939360039882876,-0.6766581948274152,-0.7877573604700246,2.8058671179163412,0.5275863107850429,1.2036787063681234,-1.468388377121937,0.2896425946468447,-1.5221282792207584,0.7059591609239175,-0.08845509345721496,-0.17300278026845553
-0.14338481709602394,0,0.7463172623575876,-0.4087283442549826,-0.32579663686710036,0.32063921207801754,1.2994544413885076,-1.2250437882138911,0.3874831575892487,-0.4105800984305822,-1.1872534374005392,0.058171463697920894,-0.2633210984780139,-0.6388884465602116,-0.2555031562373083,-0.9179548175528045,-0.11313058670970164,-0.2118043240870063,-1.1494076213169135,-0.8940263165354739,-0.11547630703809533,-0.7111050981070811
-0.7509930499035511,0,-0.5583360533865215,-0.491152066804827,0.02463354456316125,1.222277479974413,-0.9431498115607257,-1.2789397683100185,-0.5122931915029973,-0.053225013895999734,0.9393268966026567,-0.36771019143753275,0.05648875037575608,-1.0552755141018484,-1.233132860764831,1.3508565546221762,-0.9530540278945198,-0.9300823731231318,-0.3334427324527214,-1.4134566240771211,0.9505442448051816,-0.7389301701274126
-1.677835635656026,0,-1.0023388199718144,-0.8678123421404823,-0.22041377623830904,-1.0667305545173862,-0.9834088510319405,-0.535525877426066,-0.31322070228932886,-2.064741542457941,-0.45514852189966293,-1.5753095038334948,0.7022080700107604,0.8823674635271506,-0.4860385502290532,0.6531325352310984,1.2352004875996523,-1.3461892407645257,-0.7783394869712896,1.0200647942315566,-0.42939850651174827,0.6801504386302017
-0.9383227285146973,0,0.20719007965736144,1.148346118040873,0.052259930214462444,0.26319877160684035,0.6953992082787239,-0.31015642382718056,-1.5253639540667252,-1.0930470880475545,1.2328032657199424,0.6558855256527625,-0.8609344724072325,0.1643854679952218,1.288883166628442,-0.1510785122351404,0.12027429978919248,-0.9928257795674204,-2.627201296900025,1.4278782581099392,-0.8159770088517443,-1.2152279685570082
0.520783837011267,0,1.763028713522174,0.5349528340574093,1.2590894742639887,0.5421929135104832,0.23270120489508997,0.8821456149228578,-0.8664460504316729,0.7038332525517584,-1.2604057309880623,0.42851936556792136,1.0111263538295334,-0.7278441247119464,-0.38819233383140295,-1.7130017665778579,-0.35996372477268956,-0.5650940483723274,-0.17535615554562894,0.4845787112313283,-0.2499742651012442,1.3518964819335662
-0.3892859565018555,0,-0.4405380200366114,-0.04719219338857057,0.519797140463202,-0.38522147384363514,-1.1339024263571218,0.4391748829392764,-1.6586454851147352,1.1088802899429986,0.22274386230752594,-0.2150143224570397,-0.22895304003229588,0.6738339774089388,-0.4467822809946155,-0.1687762536185346,0.6296425194960638,-0.0014856967917599732,-0.7378188724154604,0.34859426234678376,-0.45086457092068266,-0.6765455759675733
-1.5662690411073639,0,0.6266529569946604,0.39547230535759714,-1.2152748654968806,1.1846901641126142,-0.3838659550140848,0.7406968889090597,0.98883849851787,1.3136625619782802,0.04288946127990198,0.956245275406773,-0.8374494578190216,-0.9173116527782456,-1.2798773926903948,-1.6538737828617873,-0.1789107204507471,1.8908531653568286,-0.0595175344377769,-1.0322804019215437,1.4440358941027853,0.9818867435977068
-1.4878077955632643,0,1.0891022567052475,0.20318940003784117,-0.5386679955438911,0.822913120572704,-0.7228424305203595,-1.0651602719735669,0.35983648676208596,-0.7347730547634447,0.4427547130895725,-0.28592689391283466,-1.0653880431657705,0.6390894368213625,-1.2244937640537579,0.0060040567205042455,0.5984440415497619,-1.318097417790379,-0.036333672752483157,-0.7507219877298056,-0.10747186799777644,-0.024348139203128203
0.8931890256868711,0,-1.9169950667924023,1.0320851459883693,1.3508300009181764,-0.5596842665083509,0.009491252388510535,-0.45487236504466577,-1.145015617963778,0.899522322173056,1.83875608033164,-0.35842549347681574,0.1476225847531325,0.8490093420478154,-0.9000771315478983,-1.2324326346880237,-0.3779806890512892,1.3795804274066776,-0.5668594473126118,0.4054610774117632,-0.05626133327968217,-0.7276761346845994
0.21870366250466577,0,-0.7685199224672477,0.8636704446898983,-0.5407457796315197,-2.105831810684683,-1.8320153023632149,-0.4363031617011729,-0.48442702553542966,-0.5269718841899754,0.2894273320637852,-1.3185638546961214,0.3419555242992769,0.1421097790961216,-1.179864349522116,1.1926679183113216,0.39916317301943266,-0.2034537154926047,-0.2519005016094946,0.3785466205468253,-1.4413973705792131,1.0812656730012746
-0.424612436655098,0,-0.33878879924161526,-0.04434339543194098,0.25131118900978994,-1.2489705009706757,-0.468713793736255,-0.2838635330481258,-1.9434845659828468,-0.11069269905137856,0.6524969160630812,-0.7114014433088829,1.0207781812878045,1.5075893168218666,0.35903076751415053,1.7530469343507715,-0.3400816498408342,1.4079508129686016,-0.7013260490620951,-0.08531119239741981,-0.28754684368699296,1.7391738338066425
0.5892262175504339,0,-1.784477090490314,1.431007440523444,-0.22902298222012463,0.3393372561313042,1.007747088176545,-1.008562775209628,-0.20564937573394548,0.8845403167118212,0.8030475365104461,-1.0844061513665408,-1.624269939094476,-1.273748832079272,-0.1231165607308322,1.6012564374482807,0.40548026404409926,-3.3026427950878063,-0.4187448757058798,-1.6555303708030202,1.3315890958665884,0.5417833482867244
-0.6256712930384585,0,-1.2510384077110792,0.32518396720523907,0.4612401660059693,-2.707298177635,0.2501991132243351,0.05621265521113927,0.2701844462283015,-0.7965034397739226,-0.3338064267290059,-0.6293815891354604,-0.14891995837948324,-0.27624490464548945,0.9781573954042745,-1.2584516528294818,-0.7513837989869315,0.8211308868214336,1.2070200015849475,1.4065736354998384,-2.0250839692092173,0.159106356234481
-0.24362352586525543,0,0.2410868384104042,0.1511434456387826,-0.9857623670429463,-0.549063987871307,-1.68536158094709,-0.9725320751338795,0.4446298706686108,-0.44389214498603913,-0.6416012477799109,-1.0388322986791443,1.0464557862850823,0.09831014390549024,-0.49293087352740744,0.07371534537482759,0.30189876977926416,0.2662967579447352,-0.7738426040250689,0.3947410092475662,-0.026551153425689956,1.017819248549704
-0.7143187606897958,0,0.20689288266178432,0.45015810420816166,-0.7352162173960619,0.8355601975015063,-0.3737777485625369,1.4997179143102546,-0.773712047729684,-1.6363374340406267,0.30239045111727053,0.9146046222627555,-0.08174947027797427,-0.2436865776889594,-0.27809310014250027,-0.6850915713865875,0.16252732883819082,0.11360385825121662,-0.7081029478947725,0.9897252985751523,0.5716031491919054,1.3320451978331693
0.7047051602090529,0,-0.3085434436241144,-0.21558021434456542,1.740041436006577,0.5855024990160224,-0.5046756908103105,0.2492531870285209,0.7500105588458154,-1.0502080976464454,0.9363952111707264,-0.2107529322419613,0.398405126860563,-0.3927485515926325,-0.5430393560936143,-1.5371302052540285,-0.18445067419407113,1.6629323024246134,0.7016748057789026,0.4411017748845356,-0.8488065131524055,0.525298876997722
-1.1724769537286024,0,-1.3635040974208585,0.2660919647559839,-0.8183419647196357,0.6788121676076627,-0.49835946214888976,-1.5647073808466547,-1.2761812352970157,0.885568113864109,-1.0044812421989397,-0.5577928180045253,-0.05133599389324755,1.2890869904028623,0.2679287476011529,0.0018070543078997296,-1.8620860456571113,-1.0732767093384212,-0.19373455334282613,1.5853387263824272,-1.505766841061345,1.6737037867109767
-0.34129604953834225,0,1.2356463573406335,1.1661246928030944,1.0266175688344488,-0.2688458027909804,1.7583705802473566,1.0395542969967846,0.3821593782943829,0.2842136127623668,0.18864241455771175,0.030111038998959047,-1.0404283789966677,0.6161079296348203,0.7539287005604731,0.25314868211798447,1.024327076765734,-0.36771286384832524,0.03685347720712059,-0.4863878684499965,0.061008851092420616,-0.17716654756347885
-0.16632281178879849,0,0.7419410062083729,1.7714581800061053,2.238060309495234,0.3585815477301459,-1.1421187885765343,0.14816116886137448,-0.00978448743324388,0.6194853185549114,0.06851151191940268,1.9432115533031127,-0.5704971407491348,0.2916775364236463,-0.026180995938809317,-1.4328140590031473,0.6634360434470753,2.628238934785765,0.21489525491001163,0.30939703978780564,-1.2090853639618355,-0.7761436038443125
0.8365451476094127,0,-0.049596161353553866,0.2684452455242414,-0.8743659568706579,0.6208406753952301,-0.40282141004096383,1.228360938466208,-0.9211670500166398,-0.40168769804203475,-0.7465737623530949,-0.08896724505145742,0.6413438705318518,-0.16529278065187825,1.1547639198506274,-1.1104219406772333,0.005700289726110036,0.6739540872153312,2.730675140816803,0.7791158364654197,-1.0309730094038114,-0.3880897766460679
-0.3323497356550953,0,-0.6751764180638355,-0.7266230109290174,-0.35605728514819224,-1.8570902903498885,-0.9766727199393576,-1.3308024369174352,-0.8751160163031435,-1.6698742382682545,-1.1861379630081341,-1.650969031490026,3.621955882339588,-1.2733825746146668,0.5362944523642925,0.3058741718674246,1.308405018088575,1.0794396229337149,2.408402300295102,0.47690579149007123,-0.880976882674802,0.8031091014804248
-0.13836967105999867,0,0.08315687913172144,0.3473274407810894,-0.5424472973345644,0.22426606009545716,0.4802843133268753,0.8027350018228465,-0.0019466174004192024,-0.3626383002680079,0.6349861456238101,-0.046066300537646744,1.8733518737858919,0.3046742538880924,0.6885230994521555,-1.2432827852498396,1.04000915750251,-1.6202754571734208,1.7052175164405348,0.19553898469057332,0.1754860315304024,-0.97569000036145
-1.1091135808056958,0,-1.0335477335061363,-1.3242846370567944,-1.0996370147313728,-0.8276654470879898,-0.7203890821526632,-2.481458733203176,-0.7530885339801028,-2.3833262645994164,0.17888942277602524,-0.760540702060105,1.4092407707314252,0.4560829960057213,-0.3928482196390231,1.6479810414381306,-0.5510130470629483,0.15311947605750245,0.22543929695987758,0.10181260962576856,-1.219541714020872,1.0752495893446687
-0.6137193575611648,0,-0.47177866528653284,1.2934102243877525,0.1923301460239929,-0.12263352013929603,0.5591410437692012,-0.8910055672999228,-0.4840906047240106,-0.8043648568983186,-1.3107033317622947,0.833235703972447,-0.8512721304596773,-0.38218638104877695,-1.9940325435095942,0.29754156844906504,0.524833375204533,0.2836563906916585,-0.770943919115413,0.9149793460532306,0.47636712096496636,-0.8839041804461177
2.0822393173187344,0,1.429611060473995,0.5391050559574095,0.4981523575871262,0.6224555461915726,1.1329627475960644,2.1821585131424728,0.46925418764502397,0.6528112556854003,0.8380521299438235,-0.5068040842288252,-0.03543780117090095,-0.5351414275653009,1.2409769813414322,0.9262195324030124,0.44188569373502196,-0.4515590074921573,0.46299163372539764,1.010432187937487,0.3787704246046104,-0.2875682121442029
-1.8396442373751973,0,-0.8063734496300318,-0.8941517062033045,-2.605721809815262,-1.0450892982967954,-1.1545820721798488,-1.5540484854837917,-0.9690429698680075,0.2069085890456956,0.8956558353009895,-1.1355530054399596,0.8109261211896931,-0.3843153716274683,0.0485928815782399,-0.04434829674884712,-1.19249025185597,1.5346538578846376,-1.6114751584589595,0.2619752909583264,-1.0775100850798194,0.44722361141373185
0.04148451037669587,0,-0.5865368779022715,-1.8244725338766161,0.6173825738810692,-0.13343466578966423,0.14463718222308627,-0.01654805978571209,0.5542647531717069,-0.8489850242110267,-1.1238869048656828,-0.5272723001049294,-0.14742844500076635,-1.4561532376138369,0.5861300590348297,0.5739601372696747,0.006514298093482069,-0.09462697138680415,0.6138076301046803,1.3383657416372308,-0.13559457716910603,-0.32760019062043594
-0.5982685291634724,0,-0.9673023991946601,0.9787878526578886,-1.5084605977211687,-1.7919491061513615,-0.7798494221207096,-1.1665358090263473,-1.0957591057826188,-0.5261789957343627,-0.5583229601879804,-1.4848951505535228,-0.7665344652690563,-0.3749827158410177,-0.821914749284662,1.0263651147152284,-0.33602779801557003,-0.6577521231655817,-0.175262908462687,-0.11280091238170428,-1.6160236222585975,-0.9473011484768061
1.0994588515747683,0,1.437676769008303,2.393115581775099,0.9295707087339103,1.066917655103792,1.5936799706082823,1.2404988867509152,1.2963576505027097,0.393119594923032,0.834620889255737,2.1963671870223225,-0.8073714359523471,0.7831226589532104,-0.5072334842188171,0.9485822792277301,1.518887118706255,0.3120679623781021,0.9447087559763255,-0.575530434590287,-1.754247511839373,-0.3872118546514589
0.2639473854639525,0,-0.047853218296563055,0.054178328348163204,-0.07636161801720352,0.6207287719630198,0.2338009600964193,0.1565213666617815,-0.7028197491685072,0.09765315354100348,-0.6065933531439671,1.5503110018949147,1.5080764613517963,1.397263217419969,-0.28503638422285504,-0.14672458960939774,1.7139452607618546,-1.1218378821495794,-0.9284797572697836,-0.8258722132198498,2.096197514577402,2.1091811150861024
-0.7129451400366126,0,0.008202501646387014,1.4972328139978501,0.912701998784765,0.16381135232329672,0.4698663678894952,0.045764758297354574,0.6235933631543168,0.92163940184489,0.5563688603883559,0.7239757167894968,0.4769331565542476,0.03312697949102884,-0.0675475580513478,-2.152164457602747,-0.5621382243731571,1.1844743573245073,2.6783323184567114,-0.9799614134491877,0.4177208944860017,0.4848589215077709
-0.3916941221275652,0,-0.3785585334746697,-0.2816820816076314,-0.45509149998232934,-0.6907143157924668,-0.10779142402021644,-0.1441598222801019,-0.4482333454234019,-1.0267214374694869,0.8382349116846192,1.2174365520338475,0.41232686101413557,-0.672775432289575,-0.7714340012222922,0.009501765751878876,1.9314235933350936,2.328500653599521,-0.09726527794719099,-0.6156918272891114,-0.4713255811061977,1.0874601971337947
-0.591976259446407,0,-0.392422246295571,-0.1231042962847648,0.1330077500603085,-1.5311103463185969,-1.1413801970795086,-0.35528254366149603,-0.7964411952714456,-0.03206172019444947,-0.7087503289925692,-1.1318360403422774,0.7068007417946933,-0.42311601175580466,-1.8412276905611706,1.2544919540106714,-0.319735813977121,-1.2460875259614503,0.9512482439164331,-0.4023075223069954,1.3522738507934158,0.37539050861962414
0.8150917993470822,0,-0.13957404312616206,-0.6757180218237869,-0.020384249481860753,1.6623843056667376,-1.1450243583470563,-1.5614888987752902,-0.4703679303240057,0.6729104098148203,0.33655451913550094,-0.17808221990748307,0.43731277375039895,-0.37949999271269896,-1.8409387775186095,-1.1386291571430367,0.8049066125699336,-1.046706280792417,-0.5910888206019339,-0.27114415089066235,0.5568702378062148,0.8777712206022883
-0.8087265787646927,0,0.4564285770567432,-0.04053816039915384,-0.20433993348414484,0.07294524274634,-0.39662054609131303,0.28509719434468483,0.09057081919017954,-0.08412814605639776,-2.290325646380875,0.9426285399277123,-1.9389504511690137,-1.9752526921720752,1.1904746753996664,1.3300650246697163,0.4347795761656224,-0.8492621102791647,-0.3323582190364546,-0.017907492071001948,-0.045508094933365086,0.16240191513052007
-0.6172012635592861,0,0.3558181277459266,0.43376216042564386,-0.5930108352064661,0.21127381520960464,-0.06273003514551756,-1.0323934676889395,1.0793628905487764,-0.05333444117884204,-0.8265228369211031,0.2867908542507541,-0.7458200332597554,1.6697388087873526,-0.6040954930077856,-0.2696010659713896,-0.11607128238079366,-0.0358254373607328,-0.641431626826059,-0.2627293257637263,-2.045565916592624,0.36683345666067013
1.4774398791792833,0,1.243689280733592,1.3635947445919687,1.622299834272634,1.9377463200586682,1.1916457242151806,1.2115486347194262,1.1073696806220978,2.37748069711807,0.6908456008477378,1.9303943460302089,1.2622496509399406,-0.15770243148654225,1.1875163858587587,0.1714570778347528,0.9255236167940478,0.1060157919238922,0.4802429587845436,-0.32673671963200596,-0.4880661182583419,-1.536556846514802
1.234211954723145,0,1.177759118428294,0.38535553207690326,1.6666507884245059,-0.1391892608880425,0.6899976254985386,0.7779236492346641,-1.3338486236376843,-0.2590286150799437,-0.31940121254525367,-1.1967591190889868,-0.2954463727452009,1.2281612250208735,-0.7699079203656197,-0.033659939220846,-0.8819711537531757,-0.4321000931742109,1.4921806827621213,0.1184684894606592,-0.1630267194830773,1.610302460061394
-0.6750186508742957,0,-0.12406832579690766,-0.5314022866328779,1.7225803884388922,0.016324327316689813,1.3959431839466094,1.2652495632191192,1.1253822424891964,2.3250941966627647,2.0853481150267728,1.0609661586955106,-1.5339425919244964,-2.785126196596066,-1.8033284266050023,-0.031674622001088976,0.7457762395675597,0.5590196159839544,-0.8833856873225777,0.17384091802800836,0.9957211390373125,-0.28406592568789024
-0.5103112623753856,0,0.32997028032235304,0.10332423297725535,-0.9905911593610193,-0.1862149989122917,1.0004700087348595,-0.690397267575379,-0.6683994269178621,-0.5945825404094234,1.9716133106457079,1.2543806876441348,-1.0005418130580779,0.9592385713080116,-0.8143401648420167,0.8561385362446259,0.06593690908726423,0.17988046487182072,-1.1116537047349866,-0.07871490874552026,1.2008324581658165,-0.63383745845769
0.042005305816169736,0,0.8310133865694165,-0.0286122333182248,1.4520768959472636,1.2112859248331926,0.8843159275471906,-0.532599926449723,-0.7266555729818714,-0.46937015981148034,1.0272834292676625,0.9185641471611835,0.261398918725709,1.6075927767942062,0.8094346720188459,0.5127952386242034,-0.6310479167955981,-0.31883123770404037,1.1985610761724619,-0.16374316238712625,-0.5080500448336583,2.2588515609761513
-1.1236071962077632,0,-0.7388588393648302,-0.07816810114580686,-1.216970214434849,-1.7082779866784525,-0.14754963620421893,-0.27798817625936345,-0.9600631001237063,0.9890372630163848,-1.2316804862646136,0.4719910940709727,0.9829705612136646,-1.619659925525944,0.5453993396595445,0.13500510169696586,-0.05028429784226887,-0.24877513761065326,-1.79903787861211,-0.3227814307655952,-1.291947111797729,0.5573407234658673
-1.5719775524982746,0,0.809791174056411,0.426228979008125,-1.1808850341232706,-0.45007780710950895,-1.2958650106562795,0.09768124498555199,-0.5834953721524369,-0.6412131649553741,0.34017374871352984,-2.3190196396767493,0.5294728140749378,0.5011414048975243,0.8880011841561607,0.7689435932475115,0.21977100567496458,-0.45575315634901525,-0.956272430809441,1.0233360984794595,0.23303519470189205,0.3518310578324384
1.8826893653469143,0,-0.6873107487602557,-1.0117444024853732,0.1700113869841797,-1.226916084772432,0.9504443927127721,0.054739175308838456,0.630142322854193,-0.9524619455984273,0.7673967132821031,0.16892541698101085,-0.13672954717868802,0.9742257161118967,-0.16131937769463414,-0.2520351462323548,0.9207525269402419,0.6699421935729661,0.9924515108615117,0.5980706634183057,0.6995367303160924,-0.08763761512161719
1.6590906769939535,0,0.41405732220442293,-0.15383000479587178,1.2757357613404268,1.5615401455521618,0.10518855589878859,-0.5460425283328728,-0.9373401753935954,1.550509676905836,0.39641986746235114,-5.813475588582195e-4,-1.1480136690751142,-0.046780965712334824,-1.1327626437809082,0.738269368233617,1.6359343447557917,1.6623441650558066,-0.6166208944201823,-0.335916272517458,-0.19165142245203923,1.0658920567403762
0.04751088805508197,0,-0.222136752279678,-0.43193767121523957,0.7229370825229902,-1.5232136244861105,-0.6191035246039127,-1.3493000304069236,-1.1659535875402316,-0.4669615676767714,-0.7500853350298916,-1.0036370893954978,0.4633897620531847,-1.1468420876384064,-1.8010794920407371,-0.3308180034396541,-0.17671674248131214,-0.46220683356348047,0.8159953629783223,0.24928501930107974,-0.12507754878971075,-0.43125048891632944
-0.5357049486951131,0,1.5540615676618676,-0.40768354318682226,0.9394936032794764,-0.05480354575096284,-0.3042933502529356,1.6570002875552141,0.7969845460056628,0.49266182603166403,0.39041940032429967,1.2673642061486647,0.7651927226456481,0.258180781808409,1.1213695704955817,1.6773095289846356,0.8683623121986465,-0.45075978081707224,-0.8954687908054509,-0.880571651316527,0.9464049781890823,-0.2778716673754948
0.6964230166418048,0,0.3825934728700604,0.22220177699185983,1.1873277654702314,0.23755055889033888,-0.23270796201313615,-0.6210859238127966,1.039153395169243,1.9439074153307565,-1.27545763390742,0.29628653984341036,-1.2170217425163263,-0.820235907569812,-0.6148632877757868,0.455465485909186,0.6948286871000678,-0.31367967895041304,-1.0491536086086437,0.3410928380465824,0.2290517858293428,-0.2562912552709684
-1.128677854932593,0,-0.9191883980220014,-0.9991104280832958,-0.7038533417591701,0.22142035905326,0.6193606471143682,-1.0376897965053835,-0.2880794432799288,-1.4038239415399716,0.09194970650000378,-0.5035951842242625,-0.21258942450741303,1.1976664641267407,-0.3198935668457014,-0.9261627565163008,-0.3057312574950966,-0.2773923896285348,-0.8791521105704875,-1.2649432960040499,-1.4733131823743373,-0.36640078129992526
-0.2822324003736547,0,-1.4340869321972525,-0.45441996263311574,1.4598106895589704,-0.32335662322790176,0.1168363363926757,-1.0387483843597263,-1.1253710885188777,0.49484342753682115,0.04219502634925261,0.13056604383563025,1.5836510427662271,0.019089928550691186,0.4587872351431492,-0.008525124924281334,0.2527383848383608,-0.1811241426955553,0.2919064185315609,0.350754123270519,0.4339253700199389,-0.6483401757042305
0.2866178423849181,0,0.6408729494254928,-0.3121965658897894,0.47776735271611137,0.2982234165021649,-0.7568016370857459,0.9690450568016384,0.6059328318771116,0.03193388589601587,1.2840391324888003,-0.2532118075141418,-0.9068913791369617,-1.4007939238244003,-0.9449725071793319,1.2538034621038996,-0.24664026685600574,0.49551157644645183,0.17198483399811348,0.543188352156779,0.7918354717878877,-0.6898375096112206
-0.9553051864769577,0,-1.3711949554710732,-0.7125269251496859,-0.5695607400150348,-0.900776065833198,-0.44539609656523127,-0.922863295826634,-0.9405726372825846,0.7252101200206845,-1.3956408220358867,-1.5658449485487542,0.7573561331915067,3.0126599809737047,0.2352934615973591,0.1949235409931876,1.2095890835394525,-0.6896486711738776,-0.9915185634008725,-0.5226257539254077,-0.35886150351767954,-1.3608491304231696
0.7545275203595311,0,2.7272215913525715,-0.9097114312230512,0.6586241558582836,0.4634562298490148,-0.16395231781275202,0.11236288927599578,0.5632486235942538,0.19478851051939122,0.27512477110362654,-0.45036644055939923,1.7108346700388861,-0.4380080332638633,0.20536034517222682,-0.0570240263220394,0.9792575695831124,0.8954427263574926,-0.9660196880818773,2.680132278258672,-0.9820619583845108,-1.2132161663991448
-1.5923364023390465,0,-1.0166770410098578,-0.9400609515569365,-0.4041560392088114,-1.0506677126489707,-1.4568733558194913,-1.5484970805588787,-0.5459749396989159,-1.0162093634043823,-0.23728103089551258,-2.014411608867154,0.13392908920348237,-0.44043557756695934,-0.9288344040816864,0.6829883443472337,0.06669475882840592,1.0785023028068585,0.18822969833572828,0.1325631152565339,-0.5208800905818136,0.8218926537387913
2.1290185968966044,0,-0.028071251155029925,1.3701204539888179,0.882501438301468,0.8018933720099739,0.7320015258501015,-0.23996097218997214,-0.1301064583597094,0.7181068967732047,0.4630828031985057,1.7026020438211522,1.199202101001098,0.590543372679501,-0.3833984404494134,-0.7257742748694735,-0.1681213708358446,-1.153792379592939,-0.47617560913002993,0.5581526564871883,0.9134270054901321,-0.44523032742438684
1.517341247141095,0,0.7883856107713225,-0.7529179731555484,-0.494951331880474,0.67468036516008,0.583883068305917,-0.9341979699736725,-0.32925793141828064,0.8736112779909675,1.3687506445176305,-0.42858754539380495,0.26732887691509083,-0.43673704101474753,-1.5379032364359124,1.1211377262021625,0.8390004566231336,-1.7183630700235715,-0.577896615282936,-0.7781482235171199,1.1077503433599676,0.18577185758192255
-0.6711194248535763,0,0.9097838746637598,-1.5370399346808938,0.22998302280259847,-0.4053033277429102,-0.31096559009317537,-1.049370692389743,0.21194426106042072,0.07602387870112916,0.17533961846757978,-1.5878875016762666,-1.8660415388519314,1.2575629019303622,0.696450900936486,0.3811456238371915,0.18426102085793675,-1.1810097433544715,0.4264253135505549,-0.7022760450970459,-0.12648835303298195,0.2307487132930951
0.7559930341168619,0,-1.4350907213278912,-0.18706976845166295,-2.187881942866889,1.280185616059828,-0.2975111608001337,1.6440070981812918,0.4727772836274705,0.06502922603011167,1.1220531156048688,-1.700873048114734,-0.0023706725449047354,-1.3218209119935918,0.9182899233770125,-0.29761398704085806,0.022661208792773366,-1.1012381598004388,0.3200945614863882,0.20959807609320402,-0.384836365440962,-0.4346288429177147
2.033114915266082,0,1.3746019808213792,0.5903307748117101,0.08061410235954423,2.110593508776139,0.1379652749989393,0.9522827287887026,1.2397803656987192,1.4561466982602438,1.2732931747490692,1.9178872541581355,-0.8835490830911329,0.004986237579190972,-0.6993135361511523,2.195462399018715,-0.7448741127613794,-1.8268736555842389,-0.46710477997576005,-0.07220886750269079,-1.569459341957998,1.8464546231928387
-0.7047910564489692,0,1.245903824173775,-0.8551439256417965,0.544332794159442,-0.5211536236576264,0.03284716587491064,1.4988587549085428,0.059369353373433006,0.5580723927433071,0.8489970875983311,-0.20911184721769344,-0.48415848105049686,0.24870856840937802,0.6067719922412185,0.5902768405117531,-0.6872936416078979,1.0613669256356055,0.8191949109509475,-0.449200885299489,0.3600934028819623,0.7434721216865109
-0.6433309029515294,0,0.4809146050691905,0.62457863736745,0.8946801506905706,0.4015644158795963,1.3517730853035719,0.3739853522793678,0.6169587517860298,0.899780646284936,0.9785630154732046,-0.011612665424268476,-0.6711751610628895,0.6097273313855432,0.9753659693750656,1.0088246160362644,1.0665031476586817,-0.29649963521943606,1.282520991660565,0.5456994687788707,0.28698631304977323,-0.8902062404948646
0.6572631629465976,0,-0.11494414635920322,0.09906460054885784,0.3219466124900649,0.04714619784128636,-1.909004092618152,0.36135618497665634,0.9758741062131573,1.383250149765552,0.1509192545115055,1.840307165588915,-0.5835965497250549,-0.7450150683550208,0.9666594966707975,0.001335087354630933,1.2710286952462517,-0.6368433464292028,0.2555592956893518,-0.14217945892784495,1.1628538756653797,-0.8953986539820734
-0.059232599236287875,0,-1.3167815986180187,-0.35340484321609517,0.3927896485601371,0.9351932417435915,0.08523225142762042,2.11463653265571,0.0731472557058579,0.25322071473750307,0.04879304371541443,1.3569515088782158,-1.7588460407238253,-0.8133817112703596,0.9968279495452336,-0.6145810802891462,0.3034613585836981,-1.9110730428165186,0.4822586407459356,0.5239353106994747,-1.7783483574979435,0.05677745205082944
0.6958860617232677,0,1.2860208280031111,2.4896858174488705,-0.8179716135125679,2.1172967536244127,0.43305002801185377,0.9151148292670157,1.2834156363619975,0.8662999014731849,0.6161275767432816,1.7691962286834575,-0.47408451168846083,2.8490144633530776,-0.8057434338436104,-1.2073274329865402,-0.4260941868859421,-2.3130069677566594,-0.8190472933668984,0.38568904687126776,-0.7453290213968076,-0.6276126134469681
-0.08098349866332663,0,-0.8945441934851479,0.5532383921020476,-0.3957061821555846,-0.17751683187137152,-0.20762574475187873,0.46432496811660234,0.17415233352481646,-1.8375891438051193,0.12572555553577552,0.4179218042449779,-0.9507247359692846,0.6430340723329406,-0.6654152300276964,-1.0480695284296335,-1.7651786646116154,0.9655743465201283,-1.4094549481288627,-0.26803847401918524,0.6913995563704914,0.5841828061075386
-0.22673385444285696,0,1.3707195994551284,-0.1737666942127472,-0.8693176370510689,-0.822429538757782,-1.7583625706147326,-0.14255441895760604,-0.5899883184162555,0.11101006076920335,-0.09774436757222775,0.8226093940256286,0.3103644331846152,1.5447814319526134,1.9917538821450391,-0.42233506827914635,-0.6134930336543005,0.1923172262415783,-0.2791052554386189,-0.5190063034911563,0.35441709866067134,0.9001904924468466
-0.2149718752661504,0,-0.18920205967018897,0.043013830918582206,-0.061748235150079774,-0.31821046382315415,-0.13076867510436468,0.15383925125715814,-0.17539185045546402,-0.49885580029669374,0.5596645614274075,-0.9570746640133821,1.3300016079207753,-0.5619918544220506,0.5640794511118656,0.6471638998058667,1.4061271604504422,2.0074955265350303,0.5667761623087683,-0.8548494985444929,2.3616479258079424,0.4515229707606543
-0.4646129230742877,0,-0.6393025157006381,0.6860432747384139,-0.02734375719417944,-1.3804095501989841,1.320407883811387,0.5544167178378389,-0.708906706466159,-0.09374899544547496,0.3262463356649447,-0.5590814399334447,1.3630548148353754,0.7355537980691814,-1.3669415392204074,0.9107186046126982,-0.4431496955640439,0.5362807384507584,0.28098766498484423,0.08453692796214683,1.1838262520382712,1.06454958901405
1.4264808060360297,0,-0.5621748754016981,-0.26188449682355264,-1.892961104996359,-0.2071665149959839,-0.9458468779819499,-0.45484994869582307,0.2230648931789259,-0.14760408247156057,-0.9632824146575307,0.084352180524805,-0.24572516405275305,0.09338133179947719,0.018800208339738507,0.2505737921537526,-0.7401909404759723,0.47135520957314375,-0.7072287798484885,-0.36505622487517153,-1.673990811170208,1.3268265077376191
-1.377210711268746,0,-1.3162515295526775,0.5141944656052868,0.9006033972096177,-1.5636566804499166,-1.1294153708078098,-0.3181817295969615,0.3152054587495313,-1.1927873436716507,1.144736170601297,-0.42870090762785334,-1.829665629851416,-0.6544877889419256,-0.6726761138954246,0.621821087766192,-0.2650575017281409,0.8192090266232893,0.620345031345339,0.9782327675910386,-1.2334749559372684,-0.07211857687364785
-1.44236307102739,0,-0.8367298372127956,-1.224363304129242,-1.497740187889475,-1.2827051432733207,-0.3559587485214502,-0.407480021932053,-0.9150077447509186,-0.13426253392084458,-0.9392025728794062,0.295194792298844,1.2797442771707006,0.9111860326975629,-0.08745618571651685,2.1856327120284256,0.8558893922463914,0.18727194478493928,-0.16383135883597735,-0.07939290415278027,0.64194855956649,1.5306238977484026
0.719818217436744,0,0.92352756763972,-1.3763616708466206,0.7652997847360665,-0.8909574716185104,0.09597760252801645,0.0817744004166344,0.8541552892076104,0.35557283901808295,-0.6204653398802811,1.3979127665957485,0.23443173929502442,-0.10932468489534634,1.5389056605376725,-0.1321622727611158,1.2792649268465284,1.217224822379263,-0.2826168237002504,-0.8854690723439138,-1.0745418948888459,0.7273389206435767
0.7748257613796958,1,0.7645665811755608,0.4109719344779215,1.5842699610969342,-0.7656225790559676,-0.6261242464885551,0.08528401082054872,-0.3572702919324851,-1.209729361143094,-1.064893579023857,0.8819788746702367,0.10474257426424484,2.268266659927141,-0.149000766226962,0.48974317568663045,0.26631562564392103,0.3582924051665845,-1.3312716597134664,-0.29078496749966,0.09756753343750571,2.154371120312588
-0.013320710300424865,1,-0.9264698080784123,-0.45409909791714664,-1.397970136084349,-0.6907026380619428,-0.3185217467432603,-1.6874133740659132,1.2294345034312635,-1.5225402624175992,-1.28752149468685,-1.2467952557675066,0.2377458349450689,-0.5150249586444622,0.9382131716959563,-0.8267611520619248,1.5546189730835043,-0.5646622934168667,0.25967640091936567,0.9989947783337901,-0.24133884800641245,-0.9052800354087703
0.08897501122661933,1,-0.4061990623472705,0.06037869520663002,-0.1963301961481822,-0.16898040758904376,-0.7748057657398284,-0.7844534837126661,-2.1992532048949416,0.8574451848933173,0.6338025334462194,-1.166909254895391,-0.6430324063592457,0.21599602162883147,-1.3190389609370596,1.3462085150339076,-0.7631067718926038,0.33430050495311237,0.6328598270999788,0.14731708583893047,-0.08961907876000029,0.8289358530440879
-0.23689225914423956,1,0.12024719692083305,-0.6611321165854133,0.11489735878648351,0.016490239069665014,0.4622091021831493,0.04148715422681003,-1.0733050691332473,2.2153342467113557,-0.04655736859853406,0.8976244057310548,-1.664362975639058,0.682018565544099,-0.11767098732309585,-2.141844226456014,-0.1597016128800501,-0.6564054198395394,1.2730933042129848,0.6543538439434285,0.4084361910789593,1.6974731204495892
0.4366416864916477,1,0.6548235990000992,-1.1170908953815362,0.7601781587753396,0.10365893212504634,0.05830772966731643,0.17317868025288105,0.7177917197074458,0.3530831037540453,-0.5874832392168846,2.288933964669868,-0.08999856004236519,2.142632234090315,-0.6144727849188415,0.5531562217779326,-0.2826961950616446,-0.7948384911856989,-0.8710509212737793,-0.7799494165017955,1.1571144030365645,0.08740755134663461
-1.7880191467699664,1,0.36353854644733175,-1.4135367032436306,0.0706408740086745,-0.7658834471759981,-2.16056178177243,-1.2886977544881202,-0.6819860875280708,-1.5618513458564067,-1.5528521796371009,-0.7068270049981948,0.40290291260207417,-0.5602511352180329,-1.295575486326408,0.9595326441175538,0.0916410042592275,-0.4586997516395808,-0.5035217083352599,-1.2696747281811012,-1.0626978234792783,0.471173478199457
-1.4154245447970188,1,0.31838790562592456,-1.8091249046316022,-0.12774784251417753,-0.541523951803697,-1.315833072796989,0.06622650724292624,0.20340040914508528,-0.22178874713114122,-2.1090617112942645,-1.009424690775422,-0.2770398198982098,0.597840233999205,0.11530052856643677,-1.1972818294619765,1.533457115845231,-0.736501420056971,0.6032696888283515,-1.259911965333067,0.5726265197799234,2.0387301353333513
-0.5576531575156942,1,-0.0555954193775708,0.7153139842917446,0.31423243987743044,0.7502187182984918,-0.9311575548628221,-0.38541190342972664,0.17002642958057607,-0.4648129822042499,0.701938995581899,0.19523957358928323,-0.2030236459218682,-0.9213640613597438,-0.04842835921341456,-0.5295029987736036,-1.284826628350383,0.8234568240169098,-0.8942678521652097,-0.7085846231910207,2.2784108006897714,-0.6963436413343403
-1.356876644173522,1,-2.321870963973676,-0.2984820164957301,-1.618636334823856,-0.823824781370721,-1.6005803600243418,-1.2812155981780335,-1.9054404477912386,-0.3240941800313571,-1.4810353985345466,-0.0640812782695526,0.8067559185291824,-0.8539251302796462,0.11101117187890847,0.9811041753707324,0.16054316865825188,-1.5001594137523035,0.5930242840725503,0.37863199352068305,-0.3086656310601962,0.8722908239616108
0.7899231617596794,1,0.5442015982172577,1.8023705572924176,-0.3133235050416702,-0.5287552413793188,-0.19706942948843068,2.5441090009491636,-1.0530400751067517,1.8858749069407332,0.9906958498375665,2.420881183164323,0.9811074883513853,-0.5280964070823013,-0.4183363211409695,1.9397632682448505,2.2124759035523214,1.2124571550144556,0.5065635424121495,-0.02361650174122556,1.0545616786168799,-0.9644775578915371
0.9347861898234058,1,-0.07577196821519075,-1.0795897362988798,-0.48508094848308675,0.6287808375532506,0.10892622686733895,1.7647529385208471,0.26155359982060383,0.30502315983621847,0.20045258268039998,2.369272567256231,-0.882484997542735,1.013420389783396,-0.5672512778915687,-0.06297846716452937,-0.14811836256892386,0.7543467197805144,-0.6642940982143897,-0.20110485535878816,0.06997092841962911,-0.5482868305896343
-0.6251785200645024,1,-0.8096786663971048,-1.188505612446304,-0.3949451416131996,-2.001825214616466,-1.8322237495478213,-0.5983011275304089,-2.130673095351663,-0.666174465149331,-0.7210440131623893,-2.215224061138856,-0.5652357235099542,-0.24542708512673142,0.9053468728404296,-0.6860139061807072,-0.49487988620431145,-0.2731199974542524,0.8563658273605071,-1.707505091113111,0.38786901400997237,-2.4939360506205595
-0.37081861118599696,1,0.46883572405652524,-0.3409820560726309,0.6601322905370248,1.147667875479946,0.12912946491573163,-1.4047028040169696,-0.7576113814519077,1.166958176271865,1.322395879990566,1.7298284668051969,0.26256740713668086,0.9113281948777536,0.1738250532280913,-0.8259036079624877,0.2617508300168302,0.10309496656929161,1.232201284461123,-0.579622011082951,2.197477349711647,-0.4191969274866253
0.5501094362150647,1,-0.6035902757787159,-1.1070845774905556,-0.5195056853889772,-1.232518405338694,-0.20065187777817306,1.5857845187973016,-0.21325321115403062,0.07443831379843417,-1.1509469433552475,0.5104816255730502,-0.15855476335096033,0.3330642875156388,0.9467408717666835,0.99268030177951,0.18011821362162606,1.5646295773150507,0.20181553677574512,-0.626818557778695,0.30100389139802314,0.9120420831636914
-0.8711980032977669,1,-1.5125147241092722,-2.4755184778520123,0.7457507803079836,-0.17339272958091304,-0.14171787872773342,-0.7198611523924061,-1.2642828405063973,-0.3168482261972651,-1.12440235380133,-1.653919251265614,1.3885761747009764,-0.44897814627481597,0.5752376571394154,0.5758741955357701,-0.9696297599739458,-0.9688280436233465,0.20937265105175448,-1.35700499826846,0.6110874394727177,0.16552888408733812
-0.24442052508936934,1,-0.057275395431436726,0.1693794036670266,0.0018140245504213864,-1.1869837076569192,0.8837483594018377,0.5133464404768695,0.5008612525095795,-0.5186250697964213,-0.7294663534404601,0.9557207122756166,-0.8880623669651332,1.1611648867039654,0.05784204961991825,1.9678096564705456,0.296932816643155,-1.5567535325215611,1.542467949364592,-0.21023723240219955,0.8908000940203175,0.999814829682662
-0.5043410238027359,1,0.30219594610094425,-0.5564578317427792,-0.4405546858805614,-0.09174092218450021,1.4498734208157438,0.9280755824856841,0.35606884197494254,0.03323299613444528,-0.10957864741354657,-0.17414624276468088,-0.38495406684991856,-0.4044974476055666,-0.2312659958900844,0.11576917054749357,0.9850837318066635,-0.38086521719811195,-0.16252988997007356,0.12670382045977543,-1.8302701991757082,-1.3815462995706023
0.6053459308256719,1,-0.8309204919394249,-0.8864964907076089,-1.1596260066774369,-0.8127758124137549,0.34654690405039906,0.006623349902983286,0.02955640006633249,-0.16963025636366613,-0.8324792115104148,-0.3037981656310795,-0.39474353593117684,-1.3489188941332633,0.2072903274694617,-1.718701058796757,0.13186902248316887,0.7280698714649564,1.2858742367719989,-0.1034308683865234,-0.512495114687989,0.42397307185214694
-1.2227523662725557,1,-0.41264555548933607,-1.392844965224643,-2.007606513597648,-0.9129011128330491,-1.7631808927637385,-1.151583440790399,-0.7937829851400937,-2.136544280802833,-0.42113829653151397,0.3076349407337534,1.2924650238174376,1.1901072675356446,-1.0889257901108618,0.40100645378197264,-0.7523881910852401,0.48447144645441376,0.696582950555746,-0.07537012240777599,1.6677074395091183,0.39247784142448217
0.7328116583848558,1,0.9347711318392774,-0.17748162138038376,-0.5866381229823591,-0.12263168661660163,-0.8466217318377202,-0.6271797926293194,0.25142412319635143,1.4268872105712473,0.7264839079904627,-1.3600991019990922,-2.0966572585417085,1.7935606015713483,-0.242125197202266,1.1191605676736787,0.8105125072336593,0.4363234210273736,0.550598962081466,0.2337847031786236,1.4902305733500498,-0.050142123666740604
-0.046140035809588587,1,-0.5071046361052511,-0.7455817163370734,-0.16108526662557135,-1.6277015085868836,-0.4769134278306097,-0.07000145022928692,-0.07948461466727477,-1.8596637097745485,-1.4570899979621985,-0.28896665408689926,-1.0079744513759032,0.35152993620308365,-0.1630323562020519,-0.4765022462635406,-0.9946839358394818,0.3283677429556767,-0.35908261925143087,-0.39591300024131565,0.891809076946088,1.117234685393019
0.6253562342628451,1,-0.4325278691204659,1.0129137659516276,0.17796199083122477,1.157684125752153,-0.33377143589692504,0.32202925497055895,-0.6384058933584665,1.0808090314141021,-0.1915669869677796,0.11395369909685696,0.28799563915227283,-1.115531648130576,-1.5777228243547414,-0.029809381717840314,2.512135163512386,0.3639165815793239,-0.27678876163857746,-1.1532745590402371,-1.7501525917797214,1.083931515119759
1.79972877298045,1,0.17629044078577943,0.9508268279291817,1.8911235902369798,0.8543797645525277,1.2553402524664838,-0.9778059787208269,0.9742758108448334,-0.15489633307689235,1.2308661893177737,1.586864767913028,-0.7945806356514159,-0.2736686160212754,-0.12844688152818362,0.9976715177434818,0.2414806725917292,-1.4698657977801528,0.27342567248976546,-0.7678073295922679,0.9304066571545637,0.4037793411518055
1.4191334412853465,1,1.48518204433609,-0.0736308709770731,1.2449035161106723,0.44825669038212884,-1.2010082466204899,-0.4646098879225919,1.589374373306891,-0.18320634179393885,-0.8228983078421683,0.023908940483286567,1.3692863267445232,-1.6574701273875936,0.8662639938779626,-0.2117952693565371,0.30911963681135746,0.02984208676023959,-0.21593681163422798,-0.9546316050918482,0.13073064193870015,0.32690671787619086
0.652199315504459,1,0.6934664915410111,0.5770973402760166,0.7603176155300266,0.8513184729339964,0.553213672161191,-0.551288010999865,0.4041447866100381,0.6055165833545412,0.6891440156740074,0.00969065220159196,0.7448674849706112,-1.2391019736589846,-0.7759432018160135,-0.987775023613083,0.17172249467258238,0.6921939398457214,1.4813284035387455,1.2501806097702153,1.6078850139722956,-0.2728117870649979
1.0229206701576004,1,-1.1273372090757405,-0.6104546228882777,-1.169621525935228,0.13921738922744176,0.6012977221621207,1.9717922781498025,-1.4742277310650438,0.5292364764943923,-0.22304611484248082,-0.09549368934449387,2.1084566858450557,-0.895173007492275,-0.11231100001319197,0.2006931136199802,-0.12852192205307497,1.039120310934655,-2.0627776068499664,-0.5089738107569732,1.5809605835860603,-0.2374593681143964
0.7304769697863938,1,1.4826117265302783,1.9519951498752206,0.8991671040937442,1.2800187502815272,0.4273089655928259,-0.11764239810838445,1.8320997622993096,-0.13274623624149212,0.7596572426504689,1.3175290749891726,-0.33625851909083293,0.6368253411263126,-0.7521525759106831,-1.9883842318643912,1.3985821367485336,-1.2639281877069615,-1.0743335151153,-0.9595797875298875,-1.3359165881050616,1.2314235930542754
0.9663319553597973,1,-0.029612950901810906,-0.08518631116065159,-0.37908569118033775,-1.3218211020437276,0.6503425934553582,1.1955570074023176,0.4149036785361894,0.6473187620312555,0.8703650056430448,0.7123803325194524,-0.06895232434473013,0.5280846368440792,-1.5762762336685925,-0.634569683480896,0.3142602680669938,1.1782112384572003,0.1501606101767025,-0.7789536924637468,0.6878396009284111,-0.10755194731506525
0.4371393440859242,1,0.11050827744730134,2.0899683169962846,0.11424851251385244,-2.6536860231121255,-0.39516882922986307,-0.3081517467207984,-1.85083308690797,-0.2813920354270441,-1.1154410939151187,-0.3485590416703073,1.2010165705651978,0.7228562095923434,-0.17719289777674255,1.3413401825378233,-0.2943702212593043,0.1079270486542605,-1.5840273140113992,0.4138100850980773,-1.6743170048399822,-0.7522188345203421
0.16450129871208613,1,-0.49326788189553994,-0.9344440718678991,-1.46366084864682,1.5960930691155855,-0.967572689749218,0.02293364027961442,0.5966406783658852,-2.3574451044664224,-0.7436947618291935,-0.5519592691758172,0.8320509774683377,0.003048522963695906,0.511379848415504,-0.49590582685370815,0.7108707917180166,0.1527267173367529,0.7632466397616242,-1.1608410067160757,-0.48832475723358326,-0.3604687416484508
2.1675660112888746,1,-0.3132476341696508,-0.7616866430777438,0.5531307721604534,-0.135724056401551,-0.1386436839776136,-0.16460131255416216,-0.5548121093393179,-1.0404031062155628,0.0777616393648857,0.5469954277091228,-0.601365894589477,-1.4830396047156855,-0.6132638727415822,2.0195923216467557,-1.0239274616295317,-0.07320678010873428,-0.08123412126379398,0.0798558701064062,-0.261296803691285,-0.2713496226825202
0.12050274894652752,1,0.6926588396657263,0.5433602247311352,0.893204138904366,-0.3106125893959333,1.1324479686157423,-1.0091321569106093,-0.28923239060066475,2.224558505392684,-0.6772959671980884,0.3213350830240145,2.0365155184066044,-0.9175839859539302,1.9740452737002212,-1.2426692502980559,-0.45950617869454524,-1.2148228934342014,-0.258674273815541,0.14481394267073514,0.9155795765417424,0.4077534341896691
1.110399547905268,1,1.0896093226534034,0.20136865962381761,1.0041620496142654,1.2898619615737648,0.6487075343863155,0.11253018928317061,-0.19607884871400055,0.4378270869373671,0.28651037345324915,-1.069024178729846,-0.1935014884847841,0.43570392175285005,0.9207983053526129,-2.836766543654386,-2.0512296301559845,-0.8763449038453824,-0.66660661183101,0.985720515762786,-0.4323536477209683,-0.6131895503447783
-0.36171033982918316,1,1.4230778112613969,1.4667074094086898,-0.15572249826676338,0.1926211469259484,1.1353551598693665,-0.1903342204942354,0.09387659435887125,0.7442097396882703,-1.860172772966356,0.656037076934778,0.13169277508935695,-0.316490778072539,-0.1358994408628753,-1.9434133130558595,0.9515287104489881,-0.635880080909036,-0.996512551520242,0.769075717289149,0.4575435925998484,-0.8847453066882283
1.7738509394989905,1,-0.7121577500414156,-1.046396022390553,0.6163672462228299,-0.41552219179349903,-1.006483538440262,-0.8793824591246878,0.4881514033728659,-0.5148365405325149,0.0069080659537428535,-0.47337388696641247,1.5423373164210168,-0.10094967343315574,0.13898537964328586,1.0512334563893575,-0.14849862125299051,-1.3530149318012168,-0.2792861163690876,0.23054609235286766,0.10029199907302064,-0.36605217974133386
-1.114360464827097,1,0.35337763423777524,0.11612281924020412,-0.8007029900187834,-0.05775216795767394,-2.639296279704968,1.7936618965884779,-2.8858260847820336,-1.720315754307711,-0.4767165325142425,-0.46657365462664735,1.2028207572461334,0.14079568753558566,0.14650068311588857,-1.1171357970177136,-0.7496498705607215,0.6054930629586431,-0.1089611624241393,-1.3579507955807417,1.5798231129683857,-0.7178029408864758
1.5555437742840328,1,-0.22409835926826985,0.6413334965795229,-1.039626733182777,0.11704866052812753,-0.4605158648659621,1.282012361089668,0.6623717798205604,0.9294028487570302,1.6015435172279746,0.9262103330202086,-0.6902872730504049,0.6630095415418776,0.625959395039479,-0.08336305840067662,-1.5518598037088949,-0.4852942668520936,1.1030444255872047,-0.5030850690794635,-1.1055972069450575,-1.49132801771483
0.3919634439632694,1,-0.9774657263479414,-0.6441202348445183,0.3625777744025275,-1.6207827672467685,0.48114122422819794,-0.6801753489511985,0.8783214370489831,0.08340337349981923,-0.9274243280252227,-7.261509109348363e-4,2.6343023671765144,-0.9706784860752683,0.4027384505599428,1.0067707619792905,0.42280045340835565,-0.018545347074615876,1.14041753432207,1.037597164303499,0.16159421408758934,1.0069755568720333
-0.8504201987771141,1,-0.6882470320438874,-0.07139179066851348,-1.4391249582764474,0.2815925594037775,-1.6887519382869076,-0.20079213934725526,1.3082083762534689,-0.7462653453737594,-1.016363186423349,-0.6136253274974407,0.8515958046266292,-0.2388395729550445,-0.704256552768577,0.050002414339953144,0.4636734260101912,-1.423117347332493,-0.747183985989714,0.3312318766740563,0.37901470237609974,-0.13626249951209607
0.9958634316717994,1,0.7378171380765995,2.6430716725702355,0.7441483639191108,0.4390930577783716,-0.12388206798111304,0.12761121437897419,0.6079554678194667,1.6370748689241925,2.3563015773819873,1.7143070147198873,-0.011454990071607706,1.0765170833530446,-1.4772346484350338,-0.24179542012903077,-2.2835331116807414,-0.25674922327546407,0.3793472988722297,0.011558186110980804,-0.19818834728210666,1.0661243072136566
-0.23801378640877768,1,-1.5884985787227006,-0.7733525616144916,-0.7274295494291663,0.42753806820747076,-0.9996179308592636,-0.04832485745127534,0.0033211250079694995,-0.2415879048192015,-1.101952092648739,0.1542832780729223,-0.15353252364863196,-0.17038148543799372,0.3706217717996031,0.720773871269569,-0.5353623964823444,0.6489393046795603,-0.5252685241943088,-0.9705368285138508,0.24437049565722455,-1.6852715563097713
0.8723954725672991,1,-0.20181689038128608,-0.564594669178003,-0.6685053034903001,-0.3005173119313683,-0.8637589750318215,-0.4715280876809097,-0.5039959673398773,-1.2582906128694316,-1.5216703051009282,-0.4618180426407746,-0.8800283886694391,-0.4618129013041856,-0.44226857048585844,1.0212557845247798,0.6442941305093677,1.4625375583256972,-0.7216800987849413,1.1160742403998671,0.017461826380890298,-0.21697132615343012
0.016136301147422427,1,-0.05644830731780755,1.0758103916550463,-0.09925083099016709,-0.06945484910189643,2.1571050143397255,-0.8213240711344619,0.9567551914188931,1.1306199699881438,1.8581063577607084,1.5271559678541533,-0.332356488911891,2.874437436886586,0.28291564125877156,0.3987035883093082,0.7545999453343911,-1.8544497242547933,-0.10162171559068449,0.3074926395593708,1.72647498615562,0.8967849185944377
-0.02199452022433962,1,1.3074931391765898,-0.5539506986681314,0.9487117682362727,0.522859933934688,-1.2428069208424,0.6411753664388274,1.2733388116912838,0.5378146530528739,-0.5533342898396573,-0.10805329124128582,0.43689001574845104,1.1782174436093968,-0.31921393662444103,1.6961628618821996,-1.0539041764729578,-1.1150425041489103,1.0908456928918668,0.4557710196786284,-1.207017610495237,1.013482574658237
-0.17325471948643845,1,-1.0666116866559165,-0.3272193676492785,-1.1060241178337853,0.0014050938630484622,-0.9310529513789939,0.10163944613878811,0.3481266059022631,0.39520688576151664,-0.8223846466001814,1.0905202589562482,0.6286763893032795,1.4290350197095663,-0.39158969454318243,0.8863524271515477,-0.4706585720407534,-1.2658895377803197,0.9917538200816591,0.16123948052930454,-2.1337790380334027,-0.33534187654810005
0.5347392738680241,1,-0.6889839009117161,0.4108140381826839,-0.30627341221705723,0.46132805755666717,-0.19699083688463678,0.1208023248110155,-0.5292714684781302,1.5503650370311248,-0.09052146340281964,1.524196995603051,1.0725695260668324,-0.3884600797376279,0.1136267593504109,-0.39565263021730435,1.8089177603005449,1.6235834177461448,0.4218001737159696,0.16897953076345312,0.25648665397643217,1.6951423657201488
-1.9075927395757766,1,0.9883250208455652,-1.265724090881918,-1.3026314968332255,0.037515536430003465,0.05571989257012755,0.009712063525847608,0.2670704139300918,0.6094100421729036,0.20807450947488335,-0.7958883566473245,-0.7527465800863977,2.3319228354477213,-0.8284584972826928,-0.1114914858127904,-1.4545442992471047,0.3090403999562193,1.1525445030837453,0.2954190436325974,-0.44517216818614624,-0.16611489101403012
-0.6617359611554876,1,-0.19265777605411288,-0.9727307169111851,-0.5011206810787695,-1.2974298846689534,0.8907085070742019,-1.2669400107268083,-0.37053528504997496,0.325301906715318,-0.741517652830751,-1.5708431164353647,-1.117959011841588,-0.03505549342768961,-0.563107140931141,0.26284457148800355,-0.7989939236963828,0.5840114014536734,0.0814087359062967,-0.2310121255241738,-1.1075454131601001,-0.9307242167354872
0.22478810263222865,1,-0.6523420973072196,0.8885958257004072,0.5754468499525414,0.1506197329211491,0.2681980213628502,-0.983593691410326,-0.4731648238506927,0.9014884279911669,0.6143347544224215,0.9382264900855963,1.157016677857702,-0.9748704395779522,-0.6814070885668334,0.13236473446907127,-0.988867777857206,-1.4106277605548365,0.2973220339127396,1.0841690533949677,0.4125920589198499,-0.5293493913992782
-0.47792191728523464,1,0.8536922503816781,-0.8343616706520551,-0.13598358234172306,1.4180105756274235,1.2960056403819638,0.033010230630513546,0.37567236120781133,0.8662701518901161,-0.3433773448218599,0.05384881445758259,0.9432356717902729,0.15932410909716374,-0.20530989516266657,-0.24035321418699213,0.23239267908235553,-1.4790685038981433,0.1148089039118048,3.0598935588738563,2.0444620689318276,-1.4773615169665724
0.5177224629628048,1,1.1359104916279015,0.4573910781268624,-0.4519891263136522,-1.725746758817307,-1.3761283093641195,-0.4398552904408686,-1.7210284603099164,-0.734684441917608,0.01085715897939507,0.7189068348604666,0.3293743388536357,-1.263884510071935,-0.6359570405466988,-0.20461630076137194,-0.2278919970732616,0.19757576131370208,0.9294266974388343,0.393073002286702,1.9431295623268277,0.7997593697517373
1.049158796579406,1,0.8563882570152985,1.8153503838734064,1.5025172364941153,-0.06017653268467442,0.34744481752498146,2.1278698016899424,0.9394499178124438,1.9082674401877842,1.6565998649347864,0.5536536658717381,0.2058878028151511,0.32171614996102466,-0.5555471456097105,-0.09100583770495208,1.3633622109775856,-0.7082880246872343,0.33086658230068133,-1.5439737223339294,-0.310439166189823,1.0670657861840107
1.256236163873549,1,-0.6639459735743348,-0.41181660310179713,0.20564126729778923,0.564304222830762,-1.3100718686728952,-0.08217700101618614,-0.13761284616868588,-0.11607732948978175,-0.7892741570839246,-0.5468273705148446,-1.4725791482133253,-0.5125641186361163,-2.6321912846031057,-0.21981978905203262,-0.8343254507018287,-0.5872344435082697,-1.6549972105105992,0.14468700798210893,-0.4059194209309197,0.10120435625073582
-0.3154651851700026,1,0.27307628719568877,-0.8341382516337512,-0.9822804715000103,-0.7125196600314522,-0.6441863894686856,-0.6779040593075307,-0.309943195674737,-0.0277422206456548,0.5575604476159578,-0.520011271717847,-0.21743519576954626,-0.6592672792129467,-0.6200156190969068,1.2678432366646368,0.2538806317869101,0.41862447069503206,-0.8455809391026646,0.3523353485880639,-0.030774258460382647,-0.15014513826659434
-1.1297898531916377,1,-0.04796772660547653,-1.0426178759213074,-0.6718601152208133,0.1962484731597134,-1.117319628191488,-0.24042512308738118,-0.2764150974871346,0.6623976718061422,0.37242848951630625,-0.11235808908479517,0.1624865063773498,-0.5227608353468871,0.010369929610854664,1.2778047485380366,-0.12928983903896718,-1.6638821985521972,-1.9713874487937857,-0.29487763511396203,-1.1415603956610392,-0.24464485997453314
-0.31268149533751305,1,0.21771291399201873,0.5191506206792074,0.6440829475307903,-1.1937988522875376,-0.27293683145295394,-0.18765955971949702,-0.956165797426529,-1.7835413710308714,-1.9128372391102564,-0.2868064206683004,-0.3321987241551909,0.8567101917027083,-0.3221301807416151,-1.5408427724470266,-1.5363290627019168,1.8830017771377323,-0.39590932588010014,0.5439921013459139,1.074465999201642,0.09292783440040635
-0.6378049033234265,1,-1.6964010430386602,-0.186057880957931,-0.03124923995460411,-1.4330750503801388,-1.275226786296826,-0.7998729987142774,-0.4174180604772505,-1.2190746590737354,0.15493075594320302,-0.9925292595666847,-0.07264960367315916,1.1950787853751903,-0.2492403933499033,0.5061801171078033,-1.6499727972149065,0.3308042384737241,1.0562388853954587,-0.09137241020428753,-0.4716768776995317,-1.669205285204391
-1.5639672718428252,1,0.990732744237466,-0.2681472512041424,-0.11765360620187029,1.6446811725118498,-0.41164506428369596,1.2751451612747557,1.769256235348786,0.17057833088931615,1.7654898331551614,1.9285579916050348,0.07106489368028154,-0.7074495777175714,2.480584277285814,0.7583356523417701,1.1269923622775213,-2.167467566800233,1.286519261435792,-0.15346411272185018,-1.4194933938082628,1.5351377749280823
1.6726363918756222,1,0.31051068517670366,0.23558597750564594,-0.03154435095776384,-0.434606205192712,2.250504267099834,0.07344540450052459,-1.9511374825021421,-0.9641590520002211,0.44792962167005024,-0.033084019250431945,-0.960767439030924,0.8080694008940983,2.391548395829274,-1.470009271317647,-0.9603115058557133,0.05151731242901869,-0.22415837993951637,-1.2526242761817483,0.3967061658499939,-1.1738652361549589
1.055742876289087,1,-0.4927217473775039,-0.042223765836245375,-0.2523951211251527,-0.7924727050717364,-0.9574464052912726,0.4401800486648015,-0.282876926499639,-0.7971456467793123,-0.853798834833891,-1.7518023341290259,-0.287662600370008,-0.17632829948270465,-0.19299967147406258,-0.20628222462221202,-0.01187647406055467,-0.9370191165986801,-1.565068736389647,-0.05734189972464163,0.9543070131229656,0.11395702810729523
-0.8720982991779662,1,0.4377654788445342,-1.402148773458735,-0.5886156684763406,-0.27800194265885925,-0.0178482802373348,0.4393880526342901,0.11407800320417033,-0.8325135176221969,-0.5384609953574802,-0.3153077474754995,-0.16436576801355712,0.8090732033064368,1.293907228964991,-0.5994526635707463,-0.20343369837931705,0.10632282511977839,-1.864285619829628,-1.3880243275986468,1.4858630106282908,1.0550234085096124
-0.6816227366338938,1,-1.0129598256642403,0.04620429320885667,-0.16623363267022856,-0.9972464902980522,-1.4061864041407306,-1.4231296806903129,-1.9284865932255624,-1.253745022636874,-0.61265066667416,-2.3501560869589486,1.5786706969393867,0.5212020787269902,1.6108473143482696,-0.6178799041225423,0.20831141927935984,-0.17889769131243508,-0.39701728570682404,1.4864206119344845,0.8427072241412952,-0.09425227548257566
-1.6328438111977095,1,-1.130086699554831,-0.6817919422247488,-1.264398523490016,0.97006533790963545,-0.3279781653927789,-1.9113967430825518,0.7776410771500295,-0.2422079836076718,-1.60416527053801,0.8525138787271684,1.0914897581342224,-1.326855616989401,-0.6306073406953313,-0.19396136494900196,-0.83401455772611,-1.1709528964504103,0.6955113201689005,0.5561705132129257,-0.05433146504829206,-1.047372584832828
0.5817179417496765,1,0.3595144525157746,0.5573833317879822,-0.9966865141436784,-0.3337234227976244,-0.5434051931427147,-0.16506646609891745,-0.16448635484753338,0.9943874129213304,1.85849753962966,1.3237872240433115,0.8808046559521195,2.809223306508057,-0.05880271830970348,1.0045976280660616,0.20756249266422988,0.19643424769388518,1.1476593395203807,1.7868940016928156,1.7076486146601426,-1.2051777931457714
0.43281624736515945,1,0.5472262101404971,-0.8927803540083666,-0.5057109832747817,0.862041533987161,-0.4623136423748411,0.20772646290317476,-0.5782406931711069,0.4841090398969653,0.35272595976890103,0.983145907308215,-0.18272453426289,-0.752391972429153,0.5674795081887906,1.5978654966483175,-2.3456213189012107,-0.6153171529810517,0.06156357677882164,0.4499975540050526,-1.2604389876544895,1.0002746071705202
-0.5198317761194133,1,-1.0074638379755712,-0.5208744825237595,0.3781969131809359,-0.6726606635614334,-0.33734617302398867,0.42869769900787763,-0.18489401041329095,-0.9664678637575183,-0.9758797351889423,-1.1956885701925308,-1.0859519028924847,0.7028407562939725,-0.11941655068055936,-1.1278406557953933,-1.204690166409891,0.10309700842022157,-0.6705603665082119,-0.3047525838458486,-0.3521088460345895,1.4450306062779388
-0.6749734195755872,1,0.5717526083350426,-2.1654772172524535,-0.6822659936910094,-0.03881618868609435,-1.1315591881247324,0.8007959433013279,0.5762006295698874,1.0608772246100726,-1.7007148401001835,-0.9534514872006417,-0.7097298295874412,1.2284845022944428,0.47798601625685033,-1.6216539889525245,0.08427323131749781,0.16306294431697624,-0.17226764925228413,-2.891497822664897,0.268204307770671,-0.13514322291939634
-0.27290764305483517,1,-0.670752157886661,0.4185562783992297,-1.4523903520556245,-0.6277024929806914,0.314794911178571,0.7634478539292231,-0.014981083727149047,-1.4182815947389218,-0.5308538970908773,-0.6225103647083368,0.02438580336095448,-0.7605336666345877,0.9733158831162017,1.9183559110191775,-0.38571635309836727,-1.2907281084137918,0.5764341997680317,-1.9476771943261828,0.05974502022109241,-0.49846247004049743
1.8630494205036072,1,-0.3929870939653808,1.669531206339394,0.07702580292922226,-0.29972695204647515,-0.8790481612427549,0.7881193096932937,0.1772570925822892,0.4979232831599403,-0.44453768011577555,0.6143956471791375,-0.8805249551775844,-0.06813258972372169,1.0044720199827,0.8492669895330273,-0.8009638620552378,-0.5737655716095827,0.511255257343872,1.2389568847985692,0.26309959714333825,-0.029513901575181467
-1.735103600557464,1,-0.2839762064960464,-0.01700338832453395,-1.1724077285163208,-0.5146537218617074,-1.126449070566877,-0.5380635215279764,-0.2266181102841504,-0.12677008031805442,-1.1234060913217547,-0.8894851271279602,-0.5404599374220034,-0.8535059571776676,0.31703885677469057,0.4889772019736361,0.3610650234469158,-1.3096284429354044,0.7845354386469446,-0.5492755461406813,0.9379896443836473,0.25911913071215353
0.8919620310031422,1,0.765544672079501,-0.003919903090742624,-0.8632801241972456,-0.7013665620011817,-0.48532491038539094,1.8892165490249757,0.34183026297106617,0.31696371665307965,-0.45775342865828494,0.7526637480986726,-1.1029383135260236,0.7271773707397878,-0.2417625815397009,-1.0863882139512162,-0.5165146260253838,0.9000084494269599,-0.416223446402935,-1.5436146731175049,-0.520916674445039,-1.562797648224866
1.5193092374544033,1,-0.004051578515189044,0.6839648479673437,0.19452756752419154,-0.01319729445979674,-0.6278407460761101,0.9774489408020112,-0.17739507161821794,1.7977044906000608,0.7308131837953354,1.256044514346612,-0.29684592294334305,-0.8815330704218243,-0.79463418033467,0.11118900462132122,2.1555402112606203,-0.7124530577937406,1.1680398737086335,1.3335945848373998,-0.2657480767460503,-0.28067718242702505
0.07000206937458481,1,0.5233600647953175,0.8970733775219211,0.8705815745622952,-0.2888947136933634,-0.21566393706564235,-0.8333284007601919,0.10610254373021473,1.20692210676614,-1.5091562455634548,0.4398084658731011,0.0015772276725316175,0.35547335284299336,-0.19621538740058125,-0.3742267037534073,-0.026776436971805474,-1.2293070845906608,0.825013627731252,-0.611785907661684,0.2844291734718786,0.8097195423184913
-0.024862739499648845,1,1.0660360639390452,-1.1983392098771508,-0.253164259584851,-0.717859972302753,0.35923870222893645,1.5492899042243942,-0.9001313545940004,-1.6565265568615,0.5191945045440807,-0.49396083851366734,0.288481698606397,-0.5646551211424911,0.9400911253268609,2.5829351503263114,1.5153015935758154,0.48852897580117693,-0.4885863151723443,-1.6426598044472334,-1.26401408722941,-0.44717106340832175
-1.012545018597621,1,-0.3103125218719484,-0.044139994991438364,0.9883570592034875,1.6989350357242037,0.639014480702946,-0.2818919885727216,-0.7485277288722016,-0.5638939512571987,1.1796882279059695,0.5202114517617676,-0.08076883058079078,-0.0679310957413674,-1.6780653886382022,1.1864062260371968,0.3490808628225329,-0.4758008674145047,2.313366462753532,1.8044153679723616,-0.15978197365187888,-0.12756378415014843
0.025034726428927234,1,0.7922552941034529,0.9625558318958539,0.4871158682918845,-0.6890768196693856,0.6835295590984003,2.2987133961069066,0.9295912688005367,1.1345640647723731,0.3760626491808541,-1.9311030342458315,0.680551782400245,-1.3522711301515578,1.1725420149209609,0.5642541740580795,-0.5140067690574639,0.23048375938752658,-1.9144239020701574,0.14744088696001198,0.1108125489897703,0.43469781288049664
1.558860872535854,1,-0.019463194799596045,0.07123141795962964,-0.9600540933799158,-2.0525449694046722,-0.26121287135000554,0.6818339820496775,-0.13742276410888857,0.3358213547162885,-0.7818506558180981,0.7874197844085977,-0.9249384013738655,0.3008734198542656,1.7960396876242892,0.06957214221747784,1.3756692163413096,-0.1553437884277895,-1.0822524493652381,1.0963507641571384,-0.48860646190700296,-0.8602469736030549
-0.7942115802176348,1,-1.416486977677862,-1.8251511209215432,-0.8427880207633056,-1.531515409542125,-0.44998018583827,-0.7614777526692941,-1.2084542237421576,-1.2784836523173364,-0.36207257664197723,1.0119839616472976,-0.6557578913101874,0.8801097813214186,1.3066871932365112,-0.8203087871326005,1.2771198217341342,-1.4345917228273832,-1.2292618242066722,0.44534943500800633,-0.5821352943413752,-0.8432843326567568
0.6549675359221487,1,-1.339684340120166,-0.32377472370394605,-0.14902026378264516,-0.7877696184635985,0.3986189428526862,-0.6840370295349908,-0.06934653582199178,-0.26446710593948236,-1.2588188173701413,-1.1329859185054407,0.1775675839562699,1.1813139205700263,0.29384566344107554,-0.32992670457402257,-0.1077656658960202,-0.9803588333863732,-0.0796247759368734,-0.9983006352309635,-0.8917957137200015,0.593569301289702
0.5513257992753222,1,-2.1671630455410704,-1.1721760831249461,-0.5956106599457389,-1.334174485165218,0.692882939236599,1.2427210712272376,-0.49131205092135377,0.6612100527708271,-0.1341591344847638,0.8944306850610182,-0.4170161579743573,0.24855764094115643,0.27311821578739237,1.063325016953275,-0.1732035156798873,-0.44665767345046387,-0.9262035612052764,-1.617730409503904,-0.01991924418556921,2.1139856441104454
-0.08334842676580861,1,-0.9219576894463347,-1.3155283307530217,-0.6010914773125225,-0.9608402854366588,-0.46377372526458077,-2.4894490496974395,-1.075940948721575,-0.35505340485059933,-0.19882854581734286,0.4362849168810974,1.665846728798312,-1.6119734347926182,0.4191303234839712,0.2941693817609406,0.8655051603310955,-0.38950712234535,-1.537531363837721,1.573901490182001,0.10615767143442068,-0.20357077268299975
0.6772675539694353,1,1.2759973897326924,1.448996035941867,1.1919753775434234,-0.50549893200879,0.6143426169571105,1.357693770940369,0.49015165521261445,1.9044555685316833,1.258208298014043,1.0679225454980656,0.33450414728946853,-0.16571149786044015,-2.108015879266626,-0.8524030980491805,-0.5852778870358277,-0.055614990146590514,-0.2591056767373733,0.3280796457084693,1.0074598911542365,-0.7533570179660808
-0.12149923105675503,1,-0.31384563120431724,-2.1367512172163496,0.5373369622720141,-0.7026029187056493,-1.0998109007460266,-0.5504611135515393,-0.7356270470157004,-0.6729141442679716,1.3654849355419107,-0.2862033233189266,-0.43467140184414493,-0.09678176984628058,0.4365540999457931,-0.0957407477434168,1.3420785961303294,1.3070940259003645,0.4800859629729412,0.23024307499805569,1.4674960319559607,0.4728166250010576
-1.2559028685277338,1,-1.4756044770225403,0.8976204075902025,0.309974423328719,0.2991514306821993,-1.4904566780516115,-0.6629088442271325,-0.9498377769438472,-0.08813298315175433,-1.1976051707643567,-0.6079614909879847,0.06051293437587729,0.3098552119964265,0.27161914993837005,-0.07074508983818464,-0.38421399700741526,0.6743289786864152,-1.2757686738907241,-0.3534340970492256,-0.11915358766303365,0.12004296988656295
2.166198434443141,1,0.8642148376391131,-0.229142195491262,0.18417118156378165,0.8490422718464619,1.4892192485844118,1.241151684318659,-0.3019095379634463,1.050101569892353,0.7822254988193447,0.29185549851728315,-1.5335918763138696,0.7077908181416468,-1.746935432087944,0.005686355625470066,-0.11243653178285883,0.03503993739319117,-0.7917381982862941,2.358939602638262,-1.027056766673311,-0.6699278114728089
0.12111501116081547,1,2.1286667490552893,0.9382382363150056,-0.0175726222121421,-0.20139823684048164,0.28189182068975294,-0.8376984038336258,0.9075003856156237,-0.17733430320686255,-0.2289564236594302,0.5761579714570946,0.4519383995414373,-1.3336172344390205,0.810013695378549,-1.1680024234193103,1.3519517247009498,-0.5948374905731431,0.8897686086666233,0.0011862873280717836,-0.35354923647779957,-1.0961043170374358
0.5796573591055014,1,1.3189400570265921,1.1237324304410508,0.5827231528692975,1.3743964047150212,-1.6344884918602696,0.4122392786194452,0.262897020705441,-0.2912538076085779,0.12177574671632321,1.1771340470917084,1.825834643682928,0.3207353681631114,-1.0600089289973778,-1.3983367824868222,1.5801426848619347,-1.1125914327800035,-0.7276654324482272,-0.10187477509977795,1.3114310326318759,0.20153896402712457
0.21492975075220017,1,-0.1846744899478738,1.447912116523595,0.4292590536694385,0.7978646183679452,1.3161642310080381,0.1058451546109406,1.110400398877026,-1.0756277982191522,0.062480003196947596,0.87051770044481,0.04332489588482605,0.8936794845863317,-1.1894795040399029,1.4406802749123795,0.26684948616471776,0.620611326293316,-0.8146649653604079,-0.7524639715535032,-0.07012782131294565,-0.05933472356646786
0.5163142605012407,1,0.8367037427430046,-0.6000606254262109,1.1414108749192837,-0.3616116318644061,0.6209718950016461,0.9052630844515664,1.3277553625449383,0.2088438129695223,-0.6019773588900617,1.098137605655034,1.412202392365584,0.8633131331404902,0.20577825339424016,0.13060953149983578,0.5390005194905412,0.2521688519915869,-0.3610664797181429,0.9010060179683763,0.5001158532376591,0.2751270028318609
0.30018868321942865,1,0.5175940395544312,-0.8242119202844301,0.6888901951719759,-0.13255754200477632,2.1581667318682465,-0.021301488915284737,1.5519110385646206,0.21898706514655106,-0.4853056282839759,1.2623100635867357,0.3313857439421255,-0.3313565237702206,-1.0297097593295266,0.39848347238894755,1.6413301924147223,0.8587015579903559,-0.8135582161576276,0.09876366580879575,0.9583036598255043,-0.41634008354446217
0.04489790842274627,1,1.5207836882000616,0.7076318631472522,0.41809318120543476,-0.6929451690699484,0.6805402847780739,1.909220047381308,0.49775477794829776,1.8199498310284365,1.301084422377096,0.42966928547868566,0.927608975276302,-0.9947341469133432,-0.12594748268952105,0.25374889175637266,0.027053344217968747,-0.3143519409237821,1.6917458754410912,0.6686396135303011,1.1826571137541302,-1.4008173237068207
0.0017870756917069408,1,0.4068248404588519,-0.2773648911191345,1.6627598838930429,-0.04646202125659102,-0.23242925960438454,-0.7530557608634673,-0.6191859061465286,0.06369867652437314,0.4900721560573949,-1.0171875091043956,-0.8777095768371256,0.5891181030627513,0.42596489457515485,0.4532495540962891,0.10968756824673188,-0.07765484100743576,-1.1641675404841691,1.4389183743460674,-0.30938860425732845,0.47819737599359763
0.6265184831685962,1,-1.6446983695769166,-0.15586019398379455,-2.3468847261854644,-0.8685846369106537,-0.28376025570199936,-1.3680219103983748,-0.40800326410420196,-0.15579896775382357,-1.3342235909248508,-1.6222298879096182,0.4106545005961852,1.4942243817402312,0.01659748655466912,-0.8454731226016428,-1.4452480435950623,-0.2538128831972958,-0.2306793387102587,0.5169978713768544,0.5162302830881964,-0.8946483688870043
1.148530709162621,1,0.513390931631959,0.4103709190449309,-0.4678396741801247,-1.1117439950598553,-0.7742648533512193,0.24460867479865284,-0.11492748185141748,0.14277721892738543,-0.4950854242401273,0.8142250540999165,0.2399829496933248,0.13529443363511984,1.1862067130150271,-1.0989998042737952,-0.10460747276988787,-0.457010813742696,1.6233361263558033,1.9497237289993345,0.40077193730320654,-0.21836007240820865
0.015655300463748356,1,-0.817537278498959,-0.041435415455999075,-0.06615112798278774,-0.5850480612619862,-0.5275628444200604,0.9191955586652117,0.11336887040728154,0.3076050195353949,-0.26979096574282996,-1.6966624610313605,0.46099099490962003,0.5859918179375619,0.632589728797112,0.2800687017294902,-0.5701562555975022,0.6477198779538044,-0.6096887049145693,-0.9945583178277214,-0.7811599476119022,0.8982792200135006
-1.3992121611906858,1,-0.01069715621687066,-1.613496163723729,-2.2871224341824363,-0.22219656483487568,-0.885757117514752,-1.7519684822607355,-0.5623804157641803,-1.9549576498511871,-0.20249885498112316,-1.0392818070176695,-0.7529900728213113,-0.3600986243018762,0.2312213371770952,0.655824086516713,-0.28018629817887863,0.10493044919246228,1.5728404387745776,-1.193413363827533,1.4869263205734333,0.20179225760238556
-1.4055467657649157,1,-1.3313686976073504,-0.6731216027325024,-0.2040460986425858,-1.0525912242981763,-0.4060666217908888,0.2974509757084126,0.1193129399773313,0.4513404545124804,-0.9199351314064361,0.5281569633027793,1.325586142397857,0.2524998003559535,0.6431582435758166,1.16469239851344,0.39066444869438144,1.1845277099316431,2.1529667763230433,0.514343206138291,0.7253068614660295,-1.809421394808673
1.080802384722608,1,-0.629766053801843,0.2737534019372264,-0.31929646187372873,-0.6985877139765889,-0.21963573526392596,0.6920030762533501,-1.7869623368557421,0.4734681518818584,0.20966007950591306,-0.819984912936182,-0.394765817571241,0.12670012894749372,-0.7498777940009501,0.5046053494975055,-0.742082808475792,-1.371636821866399,-1.4641990686360173,-0.31019931888356195,-0.10581648029258837,-1.6093779556900811
1.135433606273011,1,0.8002530604286711,-0.4762581759311903,0.5113462185270101,-0.3054304129490152,-0.9286869558890092,-0.4595810641578208,-0.065289570552019,-0.0351874867647865,-0.4088064093025425,-0.10190077582985224,-0.2328812208130091,1.3385763306223932,-0.3828779309777691,-0.15954450000780473,-0.6149717794576862,-0.4785427939726363,0.24934220137895144,1.0502277751042544,0.37066188134376843,0.23707263841826476
-0.5160744523037548,1,-0.6495701003743679,-0.5874671099538021,-0.48980888069525164,-1.6152478568697444,-1.1723498734267206,-0.3141266865960909,-1.2654146933566262,1.151640219650371,-0.1953882411019144,0.9852854349522737,-1.0613309639473882,-0.7084691638500085,-0.038245156182849,0.874356196425491,0.6659252182786347,0.3315735712465516,-0.7943859967616798,0.20917531326641625,-0.7611108775297738,0.7054980766199235
